global_head,rank,density_mean,density_min,density_max
0,0,0.21580161154270172,0.21580161154270172,0.21580161154270172
1,0,0.11821111291646957,0.11821111291646957,0.11821111291646957
2,0,0.13523222506046295,0.13523222506046295,0.13523222506046295
3,1,0.11894571781158447,0.11894571781158447,0.11894571781158447
4,1,0.21899981796741486,0.21899981796741486,0.21899981796741486
5,1,0.7200636863708496,0.7200636863708496,0.7200636863708496
6,2,0.11664086580276489,0.11664086580276489,0.11664086580276489
7,2,0.108858622610569,0.108858622610569,0.108858622610569
8,2,0.10570531338453293,0.10570531338453293,0.10570531338453293
9,3,0.1077713593840599,0.1077713593840599,0.1077713593840599
10,3,0.11402222514152527,0.11402222514152527,0.11402222514152527
11,3,0.14527857303619385,0.14527857303619385,0.14527857303619385
