global_head,rank,q_chunk,q_start,q_end,q_len,density_mean,density_min,density_max
0,1,0,0,13950,13950,0.14490970969200134,0.14490970969200134,0.14490970969200134
0,1,1,13950,27900,13950,0.22021512687206268,0.22021512687206268,0.22021512687206268
0,1,2,27900,41850,13950,0.22403651475906372,0.22403651475906372,0.22403651475906372
0,1,3,41850,55800,13950,0.22090165317058563,0.22090165317058563,0.22090165317058563
0,1,4,55800,69750,13950,0.22262629866600037,0.22262629866600037,0.22262629866600037
0,1,5,69750,83700,13950,0.22999507188796997,0.22999507188796997,0.22999507188796997
0,1,6,83700,97650,13950,0.23614880442619324,0.23614880442619324,0.23614880442619324
0,1,7,97650,111600,13950,0.2275797575712204,0.2275797575712204,0.2275797575712204
1,3,0,0,13950,13950,0.14025314152240753,0.14025314152240753,0.14025314152240753
1,3,1,13950,27900,13950,0.11479496210813522,0.11479496210813522,0.11479496210813522
1,3,2,27900,41850,13950,0.1155378669500351,0.1155378669500351,0.1155378669500351
1,3,3,41850,55800,13950,0.11599960178136826,0.11599960178136826,0.11599960178136826
1,3,4,55800,69750,13950,0.11492086201906204,0.11492086201906204,0.11492086201906204
1,3,5,69750,83700,13950,0.11453916132450104,0.11453916132450104,0.11453916132450104
1,3,6,83700,97650,13950,0.11530403047800064,0.11530403047800064,0.11530403047800064
1,3,7,97650,111600,13950,0.11433928459882736,0.11433928459882736,0.11433928459882736
2,3,0,0,13950,13950,0.13963033258914948,0.13963033258914948,0.13963033258914948
2,3,1,13950,27900,13950,0.13484545052051544,0.13484545052051544,0.13484545052051544
2,3,2,27900,41850,13950,0.13567841053009033,0.13567841053009033,0.13567841053009033
2,3,3,41850,55800,13950,0.13169170916080475,0.13169170916080475,0.13169170916080475
2,3,4,55800,69750,13950,0.13610026240348816,0.13610026240348816,0.13610026240348816
2,3,5,69750,83700,13950,0.13833977282047272,0.13833977282047272,0.13833977282047272
2,3,6,83700,97650,13950,0.13231594860553741,0.13231594860553741,0.13231594860553741
2,3,7,97650,111600,13950,0.13325592875480652,0.13325592875480652,0.13325592875480652
3,2,0,0,13950,13950,0.11813219636678696,0.11813219636678696,0.11813219636678696
3,2,1,13950,27900,13950,0.12073668092489243,0.12073668092489243,0.12073668092489243
3,2,2,27900,41850,13950,0.12040495127439499,0.12040495127439499,0.12040495127439499
3,2,3,41850,55800,13950,0.11864712834358215,0.11864712834358215,0.11864712834358215
3,2,4,55800,69750,13950,0.1181647852063179,0.1181647852063179,0.1181647852063179
3,2,5,69750,83700,13950,0.1190856471657753,0.1190856471657753,0.1190856471657753
3,2,6,83700,97650,13950,0.11813805252313614,0.11813805252313614,0.11813805252313614
3,2,7,97650,111600,13950,0.11825632303953171,0.11825632303953171,0.11825632303953171
4,2,0,0,13950,13950,0.26394209265708923,0.26394209265708923,0.26394209265708923
4,2,1,13950,27900,13950,0.21062761545181274,0.21062761545181274,0.21062761545181274
4,2,2,27900,41850,13950,0.21303445100784302,0.21303445100784302,0.21303445100784302
4,2,3,41850,55800,13950,0.21477772295475006,0.21477772295475006,0.21477772295475006
4,2,4,55800,69750,13950,0.21306240558624268,0.21306240558624268,0.21306240558624268
4,2,5,69750,83700,13950,0.21063464879989624,0.21063464879989624,0.21063464879989624
4,2,6,83700,97650,13950,0.21368493139743805,0.21368493139743805,0.21368493139743805
4,2,7,97650,111600,13950,0.2122347354888916,0.2122347354888916,0.2122347354888916
5,0,0,0,13950,13950,0.6964847445487976,0.6964847445487976,0.6964847445487976
5,0,1,13950,27900,13950,0.6808430552482605,0.6808430552482605,0.6808430552482605
5,0,2,27900,41850,13950,0.6740936636924744,0.6740936636924744,0.6740936636924744
5,0,3,41850,55800,13950,0.6744811534881592,0.6744811534881592,0.6744811534881592
5,0,4,55800,69750,13950,0.6702912449836731,0.6702912449836731,0.6702912449836731
5,0,5,69750,83700,13950,0.6692361831665039,0.6692361831665039,0.6692361831665039
5,0,6,83700,97650,13950,0.6695144176483154,0.6695144176483154,0.6695144176483154
5,0,7,97650,111600,13950,0.6779472827911377,0.6779472827911377,0.6779472827911377
6,1,0,0,13950,13950,0.12918375432491302,0.12918375432491302,0.12918375432491302
6,1,1,13950,27900,13950,0.11481785774230957,0.11481785774230957,0.11481785774230957
6,1,2,27900,41850,13950,0.1143820509314537,0.1143820509314537,0.1143820509314537
6,1,3,41850,55800,13950,0.11420778185129166,0.11420778185129166,0.11420778185129166
6,1,4,55800,69750,13950,0.11515479534864426,0.11515479534864426,0.11515479534864426
6,1,5,69750,83700,13950,0.1158239021897316,0.1158239021897316,0.1158239021897316
6,1,6,83700,97650,13950,0.11452425271272659,0.11452425271272659,0.11452425271272659
6,1,7,97650,111600,13950,0.11503258347511292,0.11503258347511292,0.11503258347511292
7,1,0,0,13950,13950,0.10563862323760986,0.10563862323760986,0.10563862323760986
7,1,1,13950,27900,13950,0.10919946432113647,0.10919946432113647,0.10919946432113647
7,1,2,27900,41850,13950,0.10994455963373184,0.10994455963373184,0.10994455963373184
7,1,3,41850,55800,13950,0.10905376076698303,0.10905376076698303,0.10905376076698303
7,1,4,55800,69750,13950,0.10914897918701172,0.10914897918701172,0.10914897918701172
7,1,5,69750,83700,13950,0.10997498035430908,0.10997498035430908,0.10997498035430908
7,1,6,83700,97650,13950,0.1094389259815216,0.1094389259815216,0.1094389259815216
7,1,7,97650,111600,13950,0.10846966505050659,0.10846966505050659,0.10846966505050659
8,2,0,0,13950,13950,0.10713063180446625,0.10713063180446625,0.10713063180446625
8,2,1,13950,27900,13950,0.1058097556233406,0.1058097556233406,0.1058097556233406
8,2,2,27900,41850,13950,0.10473495721817017,0.10473495721817017,0.10473495721817017
8,2,3,41850,55800,13950,0.10459429770708084,0.10459429770708084,0.10459429770708084
8,2,4,55800,69750,13950,0.10599669069051743,0.10599669069051743,0.10599669069051743
8,2,5,69750,83700,13950,0.10659195482730865,0.10659195482730865,0.10659195482730865
8,2,6,83700,97650,13950,0.1060071736574173,0.1060071736574173,0.1060071736574173
8,2,7,97650,111600,13950,0.1047770082950592,0.1047770082950592,0.1047770082950592
9,3,0,0,13950,13950,0.10471399873495102,0.10471399873495102,0.10471399873495102
9,3,1,13950,27900,13950,0.10826950520277023,0.10826950520277023,0.10826950520277023
9,3,2,27900,41850,13950,0.10829516500234604,0.10829516500234604,0.10829516500234604
9,3,3,41850,55800,13950,0.1055978536605835,0.1055978536605835,0.1055978536605835
9,3,4,55800,69750,13950,0.10684250295162201,0.10684250295162201,0.10684250295162201
9,3,5,69750,83700,13950,0.10876064747571945,0.10876064747571945,0.10876064747571945
9,3,6,83700,97650,13950,0.1099090501666069,0.1099090501666069,0.1099090501666069
9,3,7,97650,111600,13950,0.1097821593284607,0.1097821593284607,0.1097821593284607
10,2,0,0,13950,13950,0.11195801943540573,0.11195801943540573,0.11195801943540573
10,2,1,13950,27900,13950,0.11413713544607162,0.11413713544607162,0.11413713544607162
10,2,2,27900,41850,13950,0.11810377985239029,0.11810377985239029,0.11810377985239029
10,2,3,41850,55800,13950,0.11391262710094452,0.11391262710094452,0.11391262710094452
10,2,4,55800,69750,13950,0.11410888284444809,0.11410888284444809,0.11410888284444809
10,2,5,69750,83700,13950,0.11340362578630447,0.11340362578630447,0.11340362578630447
10,2,6,83700,97650,13950,0.11315485090017319,0.11315485090017319,0.11315485090017319
10,2,7,97650,111600,13950,0.11339892446994781,0.11339892446994781,0.11339892446994781
11,3,0,0,13950,13950,0.12851037085056305,0.12851037085056305,0.12851037085056305
11,3,1,13950,27900,13950,0.14479301869869232,0.14479301869869232,0.14479301869869232
11,3,2,27900,41850,13950,0.14818336069583893,0.14818336069583893,0.14818336069583893
11,3,3,41850,55800,13950,0.14855539798736572,0.14855539798736572,0.14855539798736572
11,3,4,55800,69750,13950,0.14965765178203583,0.14965765178203583,0.14965765178203583
11,3,5,69750,83700,13950,0.14917157590389252,0.14917157590389252,0.14917157590389252
11,3,6,83700,97650,13950,0.14865846931934357,0.14865846931934357,0.14865846931934357
11,3,7,97650,111600,13950,0.14469872415065765,0.14469872415065765,0.14469872415065765
