heads,seq_len,global_head,q_chunk,q_start,q_end,q_len,density
1,1024,0,0,0,128,128,1.0
1,1024,0,1,128,256,128,1.0
1,1024,0,2,256,384,128,1.0
1,1024,0,3,384,512,128,1.0
1,1024,0,4,512,640,128,1.0
1,1024,0,5,640,768,128,1.0
1,1024,0,6,768,896,128,1.0
1,1024,0,7,896,1024,128,1.0
1,2048,0,0,0,256,256,1.0
1,2048,0,1,256,512,256,1.0
1,2048,0,2,512,768,256,1.0
1,2048,0,3,768,1024,256,1.0
1,2048,0,4,1024,1280,256,1.0
1,2048,0,5,1280,1536,256,1.0
1,2048,0,6,1536,1792,256,1.0
1,2048,0,7,1792,2048,256,1.0
1,4096,0,0,0,512,512,1.0
1,4096,0,1,512,1024,512,1.0
1,4096,0,2,1024,1536,512,1.0
1,4096,0,3,1536,2048,512,1.0
1,4096,0,4,2048,2560,512,1.0
1,4096,0,5,2560,3072,512,1.0
1,4096,0,6,3072,3584,512,1.0
1,4096,0,7,3584,4096,512,1.0
1,6144,0,0,0,768,768,1.0
1,6144,0,1,768,1536,768,1.0
1,6144,0,2,1536,2304,768,1.0
1,6144,0,3,2304,3072,768,1.0
1,6144,0,4,3072,3840,768,1.0
1,6144,0,5,3840,4608,768,1.0
1,6144,0,6,4608,5376,768,1.0
1,6144,0,7,5376,6144,768,1.0
1,8192,0,0,0,1024,1024,1.0
1,8192,0,1,1024,2048,1024,1.0
1,8192,0,2,2048,3072,1024,1.0
1,8192,0,3,3072,4096,1024,1.0
1,8192,0,4,4096,5120,1024,1.0
1,8192,0,5,5120,6144,1024,1.0
1,8192,0,6,6144,7168,1024,1.0
1,8192,0,7,7168,8192,1024,1.0
1,12288,0,0,0,1536,1536,0.8342798352241516
1,12288,0,1,1536,3072,1536,0.8304990530014038
1,12288,0,2,3072,4608,1536,0.8370148539543152
1,12288,0,3,4608,6144,1536,0.8277503252029419
1,12288,0,4,6144,7680,1536,0.7891998887062073
1,12288,0,5,7680,9216,1536,0.7339093089103699
1,12288,0,6,9216,10752,1536,0.7637487053871155
1,12288,0,7,10752,12288,1536,0.7148241996765137
1,16384,0,0,0,2048,2048,0.6644880771636963
1,16384,0,1,2048,4096,2048,0.6602311730384827
1,16384,0,2,4096,6144,2048,0.6651544570922852
1,16384,0,3,6144,8192,2048,0.6319129467010498
1,16384,0,4,8192,10240,2048,0.5997021794319153
1,16384,0,5,10240,12288,2048,0.5751590728759766
1,16384,0,6,12288,14336,2048,0.5712228417396545
1,16384,0,7,14336,16384,2048,0.5489354133605957
1,24576,0,0,0,3072,3072,0.4470849633216858
1,24576,0,1,3072,6144,3072,0.4554751217365265
1,24576,0,2,6144,9216,3072,0.44569841027259827
1,24576,0,3,9216,12288,3072,0.4397032558917999
1,24576,0,4,12288,15360,3072,0.4260597825050354
1,24576,0,5,15360,18432,3072,0.41764819622039795
1,24576,0,6,18432,21504,3072,0.4103923738002777
1,24576,0,7,21504,24576,3072,0.4134087562561035
1,32768,0,0,0,4096,4096,0.35943737626075745
1,32768,0,1,4096,8192,4096,0.3495972454547882
1,32768,0,2,8192,12288,4096,0.3440171778202057
1,32768,0,3,12288,16384,4096,0.3431714177131653
1,32768,0,4,16384,20480,4096,0.34251344203948975
1,32768,0,5,20480,24576,4096,0.34216201305389404
1,32768,0,6,24576,28672,4096,0.3338555693626404
1,32768,0,7,28672,32768,4096,0.3317421078681946
1,111600,0,0,0,13950,13950,0.14281712472438812
1,111600,0,1,13950,27900,13950,0.21241089701652527
1,111600,0,2,27900,41850,13950,0.21813195943832397
1,111600,0,3,41850,55800,13950,0.21389059722423553
1,111600,0,4,55800,69750,13950,0.21566471457481384
1,111600,0,5,69750,83700,13950,0.22239822149276733
1,111600,0,6,83700,97650,13950,0.23019157350063324
1,111600,0,7,97650,111600,13950,0.22207511961460114
2,1024,0,0,0,128,128,1.0
2,1024,0,1,128,256,128,1.0
2,1024,0,2,256,384,128,1.0
2,1024,0,3,384,512,128,1.0
2,1024,0,4,512,640,128,1.0
2,1024,0,5,640,768,128,1.0
2,1024,0,6,768,896,128,1.0
2,1024,0,7,896,1024,128,1.0
2,1024,1,0,0,128,128,0.72705078125
2,1024,1,1,128,256,128,0.72625732421875
2,1024,1,2,256,384,128,0.7291183471679688
2,1024,1,3,384,512,128,0.7334213256835938
2,1024,1,4,512,640,128,0.726104736328125
2,1024,1,5,640,768,128,0.7275009155273438
2,1024,1,6,768,896,128,0.7305755615234375
2,1024,1,7,896,1024,128,0.7297897338867188
2,2048,0,0,0,256,256,1.0
2,2048,0,1,256,512,256,1.0
2,2048,0,2,512,768,256,1.0
2,2048,0,3,768,1024,256,1.0
2,2048,0,4,1024,1280,256,1.0
2,2048,0,5,1280,1536,256,1.0
2,2048,0,6,1536,1792,256,1.0
2,2048,0,7,1792,2048,256,1.0
2,2048,1,0,0,256,256,0.3739643096923828
2,2048,1,1,256,512,256,0.37548255920410156
2,2048,1,2,512,768,256,0.4043731689453125
2,2048,1,3,768,1024,256,0.4370384216308594
2,2048,1,4,1024,1280,256,0.4169960021972656
2,2048,1,5,1280,1536,256,0.3962383270263672
2,2048,1,6,1536,1792,256,0.3707237243652344
2,2048,1,7,1792,2048,256,0.3704833984375
2,4096,0,0,0,512,512,1.0
2,4096,0,1,512,1024,512,1.0
2,4096,0,2,1024,1536,512,1.0
2,4096,0,3,1536,2048,512,1.0
2,4096,0,4,2048,2560,512,1.0
2,4096,0,5,2560,3072,512,1.0
2,4096,0,6,3072,3584,512,1.0
2,4096,0,7,3584,4096,512,1.0
2,4096,1,0,0,512,512,0.26219701766967773
2,4096,1,1,512,1024,512,0.2607269287109375
2,4096,1,2,1024,1536,512,0.2607765197753906
2,4096,1,3,1536,2048,512,0.2771754264831543
2,4096,1,4,2048,2560,512,0.2795987129211426
2,4096,1,5,2560,3072,512,0.24165773391723633
2,4096,1,6,3072,3584,512,0.21796560287475586
2,4096,1,7,3584,4096,512,0.2268543243408203
2,6144,0,0,0,768,768,1.0
2,6144,0,1,768,1536,768,1.0
2,6144,0,2,1536,2304,768,1.0
2,6144,0,3,2304,3072,768,1.0
2,6144,0,4,3072,3840,768,1.0
2,6144,0,5,3840,4608,768,1.0
2,6144,0,6,4608,5376,768,1.0
2,6144,0,7,5376,6144,768,1.0
2,6144,1,0,0,768,768,0.22513410449028015
2,6144,1,1,768,1536,768,0.25942462682724
2,6144,1,2,1536,2304,768,0.2558676302433014
2,6144,1,3,2304,3072,768,0.22190730273723602
2,6144,1,4,3072,3840,768,0.16589757800102234
2,6144,1,5,3840,4608,768,0.19201892614364624
2,6144,1,6,4608,5376,768,0.21448177099227905
2,6144,1,7,5376,6144,768,0.2204151153564453
2,8192,0,0,0,1024,1024,1.0
2,8192,0,1,1024,2048,1024,1.0
2,8192,0,2,2048,3072,1024,1.0
2,8192,0,3,3072,4096,1024,1.0
2,8192,0,4,4096,5120,1024,1.0
2,8192,0,5,5120,6144,1024,1.0
2,8192,0,6,6144,7168,1024,1.0
2,8192,0,7,7168,8192,1024,1.0
2,8192,1,0,0,1024,1024,0.23402917385101318
2,8192,1,1,1024,2048,1024,0.20841503143310547
2,8192,1,2,2048,3072,1024,0.1989295482635498
2,8192,1,3,3072,4096,1024,0.16842830181121826
2,8192,1,4,4096,5120,1024,0.1778932809829712
2,8192,1,5,5120,6144,1024,0.17072510719299316
2,8192,1,6,6144,7168,1024,0.15558815002441406
2,8192,1,7,7168,8192,1024,0.16920506954193115
2,12288,0,0,0,1536,1536,0.8342798352241516
2,12288,0,1,1536,3072,1536,0.8304990530014038
2,12288,0,2,3072,4608,1536,0.8370148539543152
2,12288,0,3,4608,6144,1536,0.8277503252029419
2,12288,0,4,6144,7680,1536,0.7891998887062073
2,12288,0,5,7680,9216,1536,0.7339093089103699
2,12288,0,6,9216,10752,1536,0.7637487053871155
2,12288,0,7,10752,12288,1536,0.7148241996765137
2,12288,1,0,0,1536,1536,0.20321252942085266
2,12288,1,1,1536,3072,1536,0.20226138830184937
2,12288,1,2,3072,4608,1536,0.15340709686279297
2,12288,1,3,4608,6144,1536,0.15617656707763672
2,12288,1,4,6144,7680,1536,0.14285214245319366
2,12288,1,5,7680,9216,1536,0.14681805670261383
2,12288,1,6,9216,10752,1536,0.13692420721054077
2,12288,1,7,10752,12288,1536,0.14751312136650085
2,16384,0,0,0,2048,2048,0.6644880771636963
2,16384,0,1,2048,4096,2048,0.6602311730384827
2,16384,0,2,4096,6144,2048,0.6651544570922852
2,16384,0,3,6144,8192,2048,0.6319129467010498
2,16384,0,4,8192,10240,2048,0.5997021794319153
2,16384,0,5,10240,12288,2048,0.5751590728759766
2,16384,0,6,12288,14336,2048,0.5712228417396545
2,16384,0,7,14336,16384,2048,0.5489354133605957
2,16384,1,0,0,2048,2048,0.2024083435535431
2,16384,1,1,2048,4096,2048,0.1706565022468567
2,16384,1,2,4096,6144,2048,0.14757731556892395
2,16384,1,3,6144,8192,2048,0.13515028357505798
2,16384,1,4,8192,10240,2048,0.13033676147460938
2,16384,1,5,10240,12288,2048,0.13308855891227722
2,16384,1,6,12288,14336,2048,0.12631526589393616
2,16384,1,7,14336,16384,2048,0.1333901584148407
2,24576,0,0,0,3072,3072,0.4470839500427246
2,24576,0,1,3072,6144,3072,0.4554751217365265
2,24576,0,2,6144,9216,3072,0.44568151235580444
2,24576,0,3,9216,12288,3072,0.43968427181243896
2,24576,0,4,12288,15360,3072,0.4260425567626953
2,24576,0,5,15360,18432,3072,0.4176378846168518
2,24576,0,6,18432,21504,3072,0.41037410497665405
2,24576,0,7,21504,24576,3072,0.4133860170841217
2,24576,1,0,0,3072,3072,0.19876648485660553
2,24576,1,1,3072,6144,3072,0.14271117746829987
2,24576,1,2,6144,9216,3072,0.12768298387527466
2,24576,1,3,9216,12288,3072,0.12271030992269516
2,24576,1,4,12288,15360,3072,0.1210261732339859
2,24576,1,5,15360,18432,3072,0.12132777273654938
2,24576,1,6,18432,21504,3072,0.12311974912881851
2,24576,1,7,21504,24576,3072,0.12494145333766937
2,32768,0,0,0,4096,4096,0.3594038486480713
2,32768,0,1,4096,8192,4096,0.3495129346847534
2,32768,0,2,8192,12288,4096,0.3438219130039215
2,32768,0,3,12288,16384,4096,0.34292498230934143
2,32768,0,4,16384,20480,4096,0.34205958247184753
2,32768,0,5,20480,24576,4096,0.34179747104644775
2,32768,0,6,24576,28672,4096,0.33392608165740967
2,32768,0,7,28672,32768,4096,0.33175066113471985
2,32768,1,0,0,4096,4096,0.181364506483078
2,32768,1,1,4096,8192,4096,0.132586270570755
2,32768,1,2,8192,12288,4096,0.12058408558368683
2,32768,1,3,12288,16384,4096,0.11912074685096741
2,32768,1,4,16384,20480,4096,0.11991732567548752
2,32768,1,5,20480,24576,4096,0.12240679562091827
2,32768,1,6,24576,28672,4096,0.12117046862840652
2,32768,1,7,28672,32768,4096,0.12249204516410828
2,111600,0,0,0,13950,13950,0.14490970969200134
2,111600,0,1,13950,27900,13950,0.22021512687206268
2,111600,0,2,27900,41850,13950,0.22403651475906372
2,111600,0,3,41850,55800,13950,0.22090165317058563
2,111600,0,4,55800,69750,13950,0.22262629866600037
2,111600,0,5,69750,83700,13950,0.22999507188796997
2,111600,0,6,83700,97650,13950,0.23614880442619324
2,111600,0,7,97650,111600,13950,0.2275797575712204
2,111600,1,0,0,13950,13950,0.14025314152240753
2,111600,1,1,13950,27900,13950,0.11479496210813522
2,111600,1,2,27900,41850,13950,0.1155378669500351
2,111600,1,3,41850,55800,13950,0.11599960178136826
2,111600,1,4,55800,69750,13950,0.11492086201906204
2,111600,1,5,69750,83700,13950,0.11453916132450104
2,111600,1,6,83700,97650,13950,0.11530403047800064
2,111600,1,7,97650,111600,13950,0.11433928459882736
4,1024,0,0,0,128,128,1.0
4,1024,0,1,128,256,128,1.0
4,1024,0,2,256,384,128,1.0
4,1024,0,3,384,512,128,1.0
4,1024,0,4,512,640,128,1.0
4,1024,0,5,640,768,128,1.0
4,1024,0,6,768,896,128,1.0
4,1024,0,7,896,1024,128,1.0
4,1024,1,0,0,128,128,0.72705078125
4,1024,1,1,128,256,128,0.72625732421875
4,1024,1,2,256,384,128,0.7291183471679688
4,1024,1,3,384,512,128,0.7334213256835938
4,1024,1,4,512,640,128,0.726104736328125
4,1024,1,5,640,768,128,0.7275009155273438
4,1024,1,6,768,896,128,0.7305755615234375
4,1024,1,7,896,1024,128,0.7297897338867188
4,1024,2,0,0,128,128,0.6191177368164062
4,1024,2,1,128,256,128,0.5929718017578125
4,1024,2,2,256,384,128,0.5793075561523438
4,1024,2,3,384,512,128,0.5789947509765625
4,1024,2,4,512,640,128,0.6095199584960938
4,1024,2,5,640,768,128,0.585723876953125
4,1024,2,6,768,896,128,0.574493408203125
4,1024,2,7,896,1024,128,0.5666122436523438
4,1024,3,0,0,128,128,0.6905899047851562
4,1024,3,1,128,256,128,0.6715621948242188
4,1024,3,2,256,384,128,0.662994384765625
4,1024,3,3,384,512,128,0.5228118896484375
4,1024,3,4,512,640,128,0.5098190307617188
4,1024,3,5,640,768,128,0.5103302001953125
4,1024,3,6,768,896,128,0.5500411987304688
4,1024,3,7,896,1024,128,0.6875991821289062
4,2048,0,0,0,256,256,1.0
4,2048,0,1,256,512,256,1.0
4,2048,0,2,512,768,256,1.0
4,2048,0,3,768,1024,256,1.0
4,2048,0,4,1024,1280,256,1.0
4,2048,0,5,1280,1536,256,1.0
4,2048,0,6,1536,1792,256,1.0
4,2048,0,7,1792,2048,256,1.0
4,2048,1,0,0,256,256,0.3739643096923828
4,2048,1,1,256,512,256,0.37548255920410156
4,2048,1,2,512,768,256,0.4043731689453125
4,2048,1,3,768,1024,256,0.4370384216308594
4,2048,1,4,1024,1280,256,0.4169960021972656
4,2048,1,5,1280,1536,256,0.3962383270263672
4,2048,1,6,1536,1792,256,0.3707237243652344
4,2048,1,7,1792,2048,256,0.3704833984375
4,2048,2,0,0,256,256,0.31235313415527344
4,2048,2,1,256,512,256,0.2897930145263672
4,2048,2,2,512,768,256,0.31291961669921875
4,2048,2,3,768,1024,256,0.2969627380371094
4,2048,2,4,1024,1280,256,0.31946754455566406
4,2048,2,5,1280,1536,256,0.29291343688964844
4,2048,2,6,1536,1792,256,0.29775047302246094
4,2048,2,7,1792,2048,256,0.2742900848388672
4,2048,3,0,0,256,256,0.3679828643798828
4,2048,3,1,256,512,256,0.326416015625
4,2048,3,2,512,768,256,0.27123069763183594
4,2048,3,3,768,1024,256,0.2566356658935547
4,2048,3,4,1024,1280,256,0.24229812622070312
4,2048,3,5,1280,1536,256,0.2229137420654297
4,2048,3,6,1536,1792,256,0.20502281188964844
4,2048,3,7,1792,2048,256,0.25016021728515625
4,4096,0,0,0,512,512,1.0
4,4096,0,1,512,1024,512,1.0
4,4096,0,2,1024,1536,512,1.0
4,4096,0,3,1536,2048,512,1.0
4,4096,0,4,2048,2560,512,1.0
4,4096,0,5,2560,3072,512,1.0
4,4096,0,6,3072,3584,512,1.0
4,4096,0,7,3584,4096,512,1.0
4,4096,1,0,0,512,512,0.26219701766967773
4,4096,1,1,512,1024,512,0.2607269287109375
4,4096,1,2,1024,1536,512,0.2607765197753906
4,4096,1,3,1536,2048,512,0.2771754264831543
4,4096,1,4,2048,2560,512,0.2795987129211426
4,4096,1,5,2560,3072,512,0.24165773391723633
4,4096,1,6,3072,3584,512,0.21796560287475586
4,4096,1,7,3584,4096,512,0.2268543243408203
4,4096,2,0,0,512,512,0.19728851318359375
4,4096,2,1,512,1024,512,0.19141483306884766
4,4096,2,2,1024,1536,512,0.2149958610534668
4,4096,2,3,1536,2048,512,0.21466684341430664
4,4096,2,4,2048,2560,512,0.2117767333984375
4,4096,2,5,2560,3072,512,0.19974708557128906
4,4096,2,6,3072,3584,512,0.19477558135986328
4,4096,2,7,3584,4096,512,0.19890260696411133
4,4096,3,0,0,512,512,0.15480470657348633
4,4096,3,1,512,1024,512,0.12485265731811523
4,4096,3,2,1024,1536,512,0.10598373413085938
4,4096,3,3,1536,2048,512,0.09870243072509766
4,4096,3,4,2048,2560,512,0.10434818267822266
4,4096,3,5,2560,3072,512,0.11366891860961914
4,4096,3,6,3072,3584,512,0.18701553344726562
4,4096,3,7,3584,4096,512,0.16387462615966797
4,6144,0,0,0,768,768,1.0
4,6144,0,1,768,1536,768,1.0
4,6144,0,2,1536,2304,768,1.0
4,6144,0,3,2304,3072,768,1.0
4,6144,0,4,3072,3840,768,1.0
4,6144,0,5,3840,4608,768,1.0
4,6144,0,6,4608,5376,768,1.0
4,6144,0,7,5376,6144,768,1.0
4,6144,1,0,0,768,768,0.22513410449028015
4,6144,1,1,768,1536,768,0.25942462682724
4,6144,1,2,1536,2304,768,0.2558676302433014
4,6144,1,3,2304,3072,768,0.22190730273723602
4,6144,1,4,3072,3840,768,0.16589757800102234
4,6144,1,5,3840,4608,768,0.19201892614364624
4,6144,1,6,4608,5376,768,0.21448177099227905
4,6144,1,7,5376,6144,768,0.2204151153564453
4,6144,2,0,0,768,768,0.16668827831745148
4,6144,2,1,768,1536,768,0.18876774609088898
4,6144,2,2,1536,2304,768,0.19039027392864227
4,6144,2,3,2304,3072,768,0.17450565099716187
4,6144,2,4,3072,3840,768,0.16892284154891968
4,6144,2,5,3840,4608,768,0.16427993774414062
4,6144,2,6,4608,5376,768,0.19308365881443024
4,6144,2,7,5376,6144,768,0.19393369555473328
4,6144,3,0,0,768,768,0.11543909460306168
4,6144,3,1,768,1536,768,0.11436080932617188
4,6144,3,2,1536,2304,768,0.11521276086568832
4,6144,3,3,2304,3072,768,0.08241695910692215
4,6144,3,4,3072,3840,768,0.1447111815214157
4,6144,3,5,3840,4608,768,0.11727460473775864
4,6144,3,6,4608,5376,768,0.11641650646924973
4,6144,3,7,5376,6144,768,0.10991138964891434
4,8192,0,0,0,1024,1024,1.0
4,8192,0,1,1024,2048,1024,1.0
4,8192,0,2,2048,3072,1024,1.0
4,8192,0,3,3072,4096,1024,1.0
4,8192,0,4,4096,5120,1024,1.0
4,8192,0,5,5120,6144,1024,1.0
4,8192,0,6,6144,7168,1024,1.0
4,8192,0,7,7168,8192,1024,1.0
4,8192,1,0,0,1024,1024,0.23402917385101318
4,8192,1,1,1024,2048,1024,0.20841503143310547
4,8192,1,2,2048,3072,1024,0.1989295482635498
4,8192,1,3,3072,4096,1024,0.16842830181121826
4,8192,1,4,4096,5120,1024,0.1778932809829712
4,8192,1,5,5120,6144,1024,0.17072510719299316
4,8192,1,6,6144,7168,1024,0.15558815002441406
4,8192,1,7,7168,8192,1024,0.16920506954193115
4,8192,2,0,0,1024,1024,0.18205177783966064
4,8192,2,1,1024,2048,1024,0.17917513847351074
4,8192,2,2,2048,3072,1024,0.16543304920196533
4,8192,2,3,3072,4096,1024,0.1641860008239746
4,8192,2,4,4096,5120,1024,0.17093217372894287
4,8192,2,5,5120,6144,1024,0.18165874481201172
4,8192,2,6,6144,7168,1024,0.15977990627288818
4,8192,2,7,7168,8192,1024,0.16464591026306152
4,8192,3,0,0,1024,1024,0.13188564777374268
4,8192,3,1,1024,2048,1024,0.09649419784545898
4,8192,3,2,2048,3072,1024,0.10964441299438477
4,8192,3,3,3072,4096,1024,0.16257786750793457
4,8192,3,4,4096,5120,1024,0.10471165180206299
4,8192,3,5,5120,6144,1024,0.10103607177734375
4,8192,3,6,6144,7168,1024,0.13620495796203613
4,8192,3,7,7168,8192,1024,0.14414727687835693
4,12288,0,0,0,1536,1536,0.8342798352241516
4,12288,0,1,1536,3072,1536,0.8304990530014038
4,12288,0,2,3072,4608,1536,0.8370148539543152
4,12288,0,3,4608,6144,1536,0.8277503252029419
4,12288,0,4,6144,7680,1536,0.7891998887062073
4,12288,0,5,7680,9216,1536,0.7339093089103699
4,12288,0,6,9216,10752,1536,0.7637487053871155
4,12288,0,7,10752,12288,1536,0.7148241996765137
4,12288,1,0,0,1536,1536,0.20321252942085266
4,12288,1,1,1536,3072,1536,0.20226138830184937
4,12288,1,2,3072,4608,1536,0.15340709686279297
4,12288,1,3,4608,6144,1536,0.15617656707763672
4,12288,1,4,6144,7680,1536,0.14285214245319366
4,12288,1,5,7680,9216,1536,0.14681805670261383
4,12288,1,6,9216,10752,1536,0.13692420721054077
4,12288,1,7,10752,12288,1536,0.14751312136650085
4,12288,2,0,0,1536,1536,0.17146147787570953
4,12288,2,1,1536,3072,1536,0.15021668374538422
4,12288,2,2,3072,4608,1536,0.15186622738838196
4,12288,2,3,4608,6144,1536,0.15561093389987946
4,12288,2,4,6144,7680,1536,0.1427038013935089
4,12288,2,5,7680,9216,1536,0.155034601688385
4,12288,2,6,9216,10752,1536,0.14779414236545563
4,12288,2,7,10752,12288,1536,0.14619509875774384
4,12288,3,0,0,1536,1536,0.1380496621131897
4,12288,3,1,1536,3072,1536,0.11943928152322769
4,12288,3,2,3072,4608,1536,0.14949671924114227
4,12288,3,3,4608,6144,1536,0.1040501594543457
4,12288,3,4,6144,7680,1536,0.1399850845336914
4,12288,3,5,7680,9216,1536,0.11059527844190598
4,12288,3,6,9216,10752,1536,0.1136508509516716
4,12288,3,7,10752,12288,1536,0.1310458779335022
4,16384,0,0,0,2048,2048,0.6644880771636963
4,16384,0,1,2048,4096,2048,0.6602311730384827
4,16384,0,2,4096,6144,2048,0.6651544570922852
4,16384,0,3,6144,8192,2048,0.6319129467010498
4,16384,0,4,8192,10240,2048,0.5997021794319153
4,16384,0,5,10240,12288,2048,0.5751590728759766
4,16384,0,6,12288,14336,2048,0.5712228417396545
4,16384,0,7,14336,16384,2048,0.5489354133605957
4,16384,1,0,0,2048,2048,0.2024083435535431
4,16384,1,1,2048,4096,2048,0.1706565022468567
4,16384,1,2,4096,6144,2048,0.14757731556892395
4,16384,1,3,6144,8192,2048,0.13515028357505798
4,16384,1,4,8192,10240,2048,0.13033676147460938
4,16384,1,5,10240,12288,2048,0.13308855891227722
4,16384,1,6,12288,14336,2048,0.12631526589393616
4,16384,1,7,14336,16384,2048,0.1333901584148407
4,16384,2,0,0,2048,2048,0.16470491886138916
4,16384,2,1,2048,4096,2048,0.14221462607383728
4,16384,2,2,4096,6144,2048,0.14190667867660522
4,16384,2,3,6144,8192,2048,0.13627862930297852
4,16384,2,4,8192,10240,2048,0.14100486040115356
4,16384,2,5,10240,12288,2048,0.13584065437316895
4,16384,2,6,12288,14336,2048,0.13534054160118103
4,16384,2,7,14336,16384,2048,0.1399064064025879
4,16384,3,0,0,2048,2048,0.13504761457443237
4,16384,3,1,2048,4096,2048,0.14082473516464233
4,16384,3,2,4096,6144,2048,0.1160576343536377
4,16384,3,3,6144,8192,2048,0.13828769326210022
4,16384,3,4,8192,10240,2048,0.10443183779716492
4,16384,3,5,10240,12288,2048,0.13032346963882446
4,16384,3,6,12288,14336,2048,0.10678580403327942
4,16384,3,7,14336,16384,2048,0.1292075216770172
4,24576,0,0,0,3072,3072,0.4470839500427246
4,24576,0,1,3072,6144,3072,0.4554751217365265
4,24576,0,2,6144,9216,3072,0.44568151235580444
4,24576,0,3,9216,12288,3072,0.43968427181243896
4,24576,0,4,12288,15360,3072,0.4260425567626953
4,24576,0,5,15360,18432,3072,0.4176378846168518
4,24576,0,6,18432,21504,3072,0.41037410497665405
4,24576,0,7,21504,24576,3072,0.4133860170841217
4,24576,1,0,0,3072,3072,0.19876648485660553
4,24576,1,1,3072,6144,3072,0.14271117746829987
4,24576,1,2,6144,9216,3072,0.12768298387527466
4,24576,1,3,9216,12288,3072,0.12271030992269516
4,24576,1,4,12288,15360,3072,0.1210261732339859
4,24576,1,5,15360,18432,3072,0.12132777273654938
4,24576,1,6,18432,21504,3072,0.12311974912881851
4,24576,1,7,21504,24576,3072,0.12494145333766937
4,24576,2,0,0,3072,3072,0.1608666330575943
4,24576,2,1,3072,6144,3072,0.14010030031204224
4,24576,2,2,6144,9216,3072,0.13639827072620392
4,24576,2,3,9216,12288,3072,0.13473935425281525
4,24576,2,4,12288,15360,3072,0.13188283145427704
4,24576,2,5,15360,18432,3072,0.14056573808193207
4,24576,2,6,18432,21504,3072,0.16195589303970337
4,24576,2,7,21504,24576,3072,0.13700821995735168
4,24576,3,0,0,3072,3072,0.12298297882080078
4,24576,3,1,3072,6144,3072,0.1362224668264389
4,24576,3,2,6144,9216,3072,0.13209190964698792
4,24576,3,3,9216,12288,3072,0.12062382698059082
4,24576,3,4,12288,15360,3072,0.12144596129655838
4,24576,3,5,15360,18432,3072,0.12175998091697693
4,24576,3,6,18432,21504,3072,0.10630745440721512
4,24576,3,7,21504,24576,3072,0.12300965189933777
4,32768,0,0,0,4096,4096,0.3594038486480713
4,32768,0,1,4096,8192,4096,0.3495129346847534
4,32768,0,2,8192,12288,4096,0.3438219130039215
4,32768,0,3,12288,16384,4096,0.34292498230934143
4,32768,0,4,16384,20480,4096,0.34205958247184753
4,32768,0,5,20480,24576,4096,0.34179747104644775
4,32768,0,6,24576,28672,4096,0.33392608165740967
4,32768,0,7,28672,32768,4096,0.33175066113471985
4,32768,1,0,0,4096,4096,0.181364506483078
4,32768,1,1,4096,8192,4096,0.132586270570755
4,32768,1,2,8192,12288,4096,0.12058408558368683
4,32768,1,3,12288,16384,4096,0.11912074685096741
4,32768,1,4,16384,20480,4096,0.11991732567548752
4,32768,1,5,20480,24576,4096,0.12240679562091827
4,32768,1,6,24576,28672,4096,0.12117046862840652
4,32768,1,7,28672,32768,4096,0.12249204516410828
4,32768,2,0,0,4096,4096,0.16085940599441528
4,32768,2,1,4096,8192,4096,0.1311739832162857
4,32768,2,2,8192,12288,4096,0.12830957770347595
4,32768,2,3,12288,16384,4096,0.12640923261642456
4,32768,2,4,16384,20480,4096,0.13624203205108643
4,32768,2,5,20480,24576,4096,0.1475190669298172
4,32768,2,6,24576,28672,4096,0.1284170150756836
4,32768,2,7,28672,32768,4096,0.1288936585187912
4,32768,3,0,0,4096,4096,0.1259303092956543
4,32768,3,1,4096,8192,4096,0.13413259387016296
4,32768,3,2,8192,12288,4096,0.11708731949329376
4,32768,3,3,12288,16384,4096,0.11825411766767502
4,32768,3,4,16384,20480,4096,0.11809054762125015
4,32768,3,5,20480,24576,4096,0.11872104555368423
4,32768,3,6,24576,28672,4096,0.11592455953359604
4,32768,3,7,28672,32768,4096,0.12739984691143036
4,111600,0,0,0,13950,13950,0.14490970969200134
4,111600,0,1,13950,27900,13950,0.22021512687206268
4,111600,0,2,27900,41850,13950,0.22403651475906372
4,111600,0,3,41850,55800,13950,0.22090165317058563
4,111600,0,4,55800,69750,13950,0.22262629866600037
4,111600,0,5,69750,83700,13950,0.22999507188796997
4,111600,0,6,83700,97650,13950,0.23614880442619324
4,111600,0,7,97650,111600,13950,0.2275797575712204
4,111600,1,0,0,13950,13950,0.14025314152240753
4,111600,1,1,13950,27900,13950,0.11479496210813522
4,111600,1,2,27900,41850,13950,0.1155378669500351
4,111600,1,3,41850,55800,13950,0.11599960178136826
4,111600,1,4,55800,69750,13950,0.11492086201906204
4,111600,1,5,69750,83700,13950,0.11453916132450104
4,111600,1,6,83700,97650,13950,0.11530403047800064
4,111600,1,7,97650,111600,13950,0.11433928459882736
4,111600,2,0,0,13950,13950,0.13963033258914948
4,111600,2,1,13950,27900,13950,0.13484545052051544
4,111600,2,2,27900,41850,13950,0.13567841053009033
4,111600,2,3,41850,55800,13950,0.13169170916080475
4,111600,2,4,55800,69750,13950,0.13610026240348816
4,111600,2,5,69750,83700,13950,0.13833977282047272
4,111600,2,6,83700,97650,13950,0.13231594860553741
4,111600,2,7,97650,111600,13950,0.13325592875480652
4,111600,3,0,0,13950,13950,0.11813219636678696
4,111600,3,1,13950,27900,13950,0.12073668092489243
4,111600,3,2,27900,41850,13950,0.12040495127439499
4,111600,3,3,41850,55800,13950,0.11864712834358215
4,111600,3,4,55800,69750,13950,0.1181647852063179
4,111600,3,5,69750,83700,13950,0.1190856471657753
4,111600,3,6,83700,97650,13950,0.11813805252313614
4,111600,3,7,97650,111600,13950,0.11825632303953171
8,1024,0,0,0,128,128,1.0
8,1024,0,1,128,256,128,1.0
8,1024,0,2,256,384,128,1.0
8,1024,0,3,384,512,128,1.0
8,1024,0,4,512,640,128,1.0
8,1024,0,5,640,768,128,1.0
8,1024,0,6,768,896,128,1.0
8,1024,0,7,896,1024,128,1.0
8,1024,1,0,0,128,128,0.72705078125
8,1024,1,1,128,256,128,0.72625732421875
8,1024,1,2,256,384,128,0.7291183471679688
8,1024,1,3,384,512,128,0.7334213256835938
8,1024,1,4,512,640,128,0.726104736328125
8,1024,1,5,640,768,128,0.7275009155273438
8,1024,1,6,768,896,128,0.7305755615234375
8,1024,1,7,896,1024,128,0.7297897338867188
8,1024,2,0,0,128,128,0.6191177368164062
8,1024,2,1,128,256,128,0.5929718017578125
8,1024,2,2,256,384,128,0.5793075561523438
8,1024,2,3,384,512,128,0.5789947509765625
8,1024,2,4,512,640,128,0.6095199584960938
8,1024,2,5,640,768,128,0.585723876953125
8,1024,2,6,768,896,128,0.574493408203125
8,1024,2,7,896,1024,128,0.5666122436523438
8,1024,3,0,0,128,128,0.6905899047851562
8,1024,3,1,128,256,128,0.6715621948242188
8,1024,3,2,256,384,128,0.662994384765625
8,1024,3,3,384,512,128,0.5228118896484375
8,1024,3,4,512,640,128,0.5098190307617188
8,1024,3,5,640,768,128,0.5103302001953125
8,1024,3,6,768,896,128,0.5500411987304688
8,1024,3,7,896,1024,128,0.6875991821289062
8,1024,4,0,0,128,128,0.8093109130859375
8,1024,4,1,128,256,128,0.8133544921875
8,1024,4,2,256,384,128,0.813446044921875
8,1024,4,3,384,512,128,0.8068313598632812
8,1024,4,4,512,640,128,0.8022918701171875
8,1024,4,5,640,768,128,0.7983322143554688
8,1024,4,6,768,896,128,0.7930831909179688
8,1024,4,7,896,1024,128,0.7888259887695312
8,1024,5,0,0,128,128,1.0
8,1024,5,1,128,256,128,1.0
8,1024,5,2,256,384,128,1.0
8,1024,5,3,384,512,128,1.0
8,1024,5,4,512,640,128,1.0
8,1024,5,5,640,768,128,1.0
8,1024,5,6,768,896,128,1.0
8,1024,5,7,896,1024,128,1.0
8,1024,6,0,0,128,128,0.9071731567382812
8,1024,6,1,128,256,128,0.909515380859375
8,1024,6,2,256,384,128,0.91021728515625
8,1024,6,3,384,512,128,0.9105148315429688
8,1024,6,4,512,640,128,0.9136505126953125
8,1024,6,5,640,768,128,0.9124374389648438
8,1024,6,6,768,896,128,0.9126205444335938
8,1024,6,7,896,1024,128,0.9110870361328125
8,1024,7,0,0,128,128,0.9600296020507812
8,1024,7,1,128,256,128,0.9592819213867188
8,1024,7,2,256,384,128,0.9599838256835938
8,1024,7,3,384,512,128,0.9560546875
8,1024,7,4,512,640,128,0.9570465087890625
8,1024,7,5,640,768,128,0.9600296020507812
8,1024,7,6,768,896,128,0.9560317993164062
8,1024,7,7,896,1024,128,0.9535369873046875
8,2048,0,0,0,256,256,1.0
8,2048,0,1,256,512,256,1.0
8,2048,0,2,512,768,256,1.0
8,2048,0,3,768,1024,256,1.0
8,2048,0,4,1024,1280,256,1.0
8,2048,0,5,1280,1536,256,1.0
8,2048,0,6,1536,1792,256,1.0
8,2048,0,7,1792,2048,256,1.0
8,2048,1,0,0,256,256,0.3739643096923828
8,2048,1,1,256,512,256,0.37548255920410156
8,2048,1,2,512,768,256,0.4043731689453125
8,2048,1,3,768,1024,256,0.4370384216308594
8,2048,1,4,1024,1280,256,0.4169960021972656
8,2048,1,5,1280,1536,256,0.3962383270263672
8,2048,1,6,1536,1792,256,0.3707237243652344
8,2048,1,7,1792,2048,256,0.3704833984375
8,2048,2,0,0,256,256,0.31235313415527344
8,2048,2,1,256,512,256,0.2897930145263672
8,2048,2,2,512,768,256,0.31291961669921875
8,2048,2,3,768,1024,256,0.2969627380371094
8,2048,2,4,1024,1280,256,0.31946754455566406
8,2048,2,5,1280,1536,256,0.29291343688964844
8,2048,2,6,1536,1792,256,0.29775047302246094
8,2048,2,7,1792,2048,256,0.2742900848388672
8,2048,3,0,0,256,256,0.3679828643798828
8,2048,3,1,256,512,256,0.326416015625
8,2048,3,2,512,768,256,0.27123069763183594
8,2048,3,3,768,1024,256,0.2566356658935547
8,2048,3,4,1024,1280,256,0.24229812622070312
8,2048,3,5,1280,1536,256,0.2229137420654297
8,2048,3,6,1536,1792,256,0.20502281188964844
8,2048,3,7,1792,2048,256,0.25016021728515625
8,2048,4,0,0,256,256,0.446990966796875
8,2048,4,1,256,512,256,0.46152305603027344
8,2048,4,2,512,768,256,0.5003395080566406
8,2048,4,3,768,1024,256,0.5357437133789062
8,2048,4,4,1024,1280,256,0.5290489196777344
8,2048,4,5,1280,1536,256,0.5053863525390625
8,2048,4,6,1536,1792,256,0.5064773559570312
8,2048,4,7,1792,2048,256,0.4856719970703125
8,2048,5,0,0,256,256,1.0
8,2048,5,1,256,512,256,1.0
8,2048,5,2,512,768,256,1.0
8,2048,5,3,768,1024,256,1.0
8,2048,5,4,1024,1280,256,1.0
8,2048,5,5,1280,1536,256,1.0
8,2048,5,6,1536,1792,256,1.0
8,2048,5,7,1792,2048,256,1.0
8,2048,6,0,0,256,256,0.5973949432373047
8,2048,6,1,256,512,256,0.5947265625
8,2048,6,2,512,768,256,0.5871219635009766
8,2048,6,3,768,1024,256,0.5628108978271484
8,2048,6,4,1024,1280,256,0.5390625
8,2048,6,5,1280,1536,256,0.5461521148681641
8,2048,6,6,1536,1792,256,0.5473766326904297
8,2048,6,7,1792,2048,256,0.5425968170166016
8,2048,7,0,0,256,256,0.6915473937988281
8,2048,7,1,256,512,256,0.6845836639404297
8,2048,7,2,512,768,256,0.6836681365966797
8,2048,7,3,768,1024,256,0.6761589050292969
8,2048,7,4,1024,1280,256,0.6484756469726562
8,2048,7,5,1280,1536,256,0.6480903625488281
8,2048,7,6,1536,1792,256,0.6355342864990234
8,2048,7,7,1792,2048,256,0.6305809020996094
8,4096,0,0,0,512,512,1.0
8,4096,0,1,512,1024,512,1.0
8,4096,0,2,1024,1536,512,1.0
8,4096,0,3,1536,2048,512,1.0
8,4096,0,4,2048,2560,512,1.0
8,4096,0,5,2560,3072,512,1.0
8,4096,0,6,3072,3584,512,1.0
8,4096,0,7,3584,4096,512,1.0
8,4096,1,0,0,512,512,0.26219701766967773
8,4096,1,1,512,1024,512,0.2607269287109375
8,4096,1,2,1024,1536,512,0.2607765197753906
8,4096,1,3,1536,2048,512,0.2771754264831543
8,4096,1,4,2048,2560,512,0.2795987129211426
8,4096,1,5,2560,3072,512,0.24165773391723633
8,4096,1,6,3072,3584,512,0.21796560287475586
8,4096,1,7,3584,4096,512,0.2268543243408203
8,4096,2,0,0,512,512,0.19728851318359375
8,4096,2,1,512,1024,512,0.19141483306884766
8,4096,2,2,1024,1536,512,0.2149958610534668
8,4096,2,3,1536,2048,512,0.21466684341430664
8,4096,2,4,2048,2560,512,0.2117767333984375
8,4096,2,5,2560,3072,512,0.19974708557128906
8,4096,2,6,3072,3584,512,0.19477558135986328
8,4096,2,7,3584,4096,512,0.19890260696411133
8,4096,3,0,0,512,512,0.15480470657348633
8,4096,3,1,512,1024,512,0.12485265731811523
8,4096,3,2,1024,1536,512,0.10598373413085938
8,4096,3,3,1536,2048,512,0.09870243072509766
8,4096,3,4,2048,2560,512,0.10434818267822266
8,4096,3,5,2560,3072,512,0.11366891860961914
8,4096,3,6,3072,3584,512,0.18701553344726562
8,4096,3,7,3584,4096,512,0.16387462615966797
8,4096,4,0,0,512,512,0.44867658615112305
8,4096,4,1,512,1024,512,0.43708181381225586
8,4096,4,2,1024,1536,512,0.4411468505859375
8,4096,4,3,1536,2048,512,0.4683971405029297
8,4096,4,4,2048,2560,512,0.4806966781616211
8,4096,4,5,2560,3072,512,0.45174694061279297
8,4096,4,6,3072,3584,512,0.3822598457336426
8,4096,4,7,3584,4096,512,0.3355598449707031
8,4096,5,0,0,512,512,0.9653635025024414
8,4096,5,1,512,1024,512,0.9644551277160645
8,4096,5,2,1024,1536,512,0.9631991386413574
8,4096,5,3,1536,2048,512,0.9630599021911621
8,4096,5,4,2048,2560,512,0.9630351066589355
8,4096,5,5,2560,3072,512,0.9627037048339844
8,4096,5,6,3072,3584,512,0.9599547386169434
8,4096,5,7,3584,4096,512,0.9641156196594238
8,4096,6,0,0,512,512,0.37367773056030273
8,4096,6,1,512,1024,512,0.35852813720703125
8,4096,6,2,1024,1536,512,0.33219242095947266
8,4096,6,3,1536,2048,512,0.3239870071411133
8,4096,6,4,2048,2560,512,0.3171391487121582
8,4096,6,5,2560,3072,512,0.2829856872558594
8,4096,6,6,3072,3584,512,0.26110124588012695
8,4096,6,7,3584,4096,512,0.3385324478149414
8,4096,7,0,0,512,512,0.5177679061889648
8,4096,7,1,512,1024,512,0.47278404235839844
8,4096,7,2,1024,1536,512,0.41314125061035156
8,4096,7,3,1536,2048,512,0.41454553604125977
8,4096,7,4,2048,2560,512,0.40676021575927734
8,4096,7,5,2560,3072,512,0.39688730239868164
8,4096,7,6,3072,3584,512,0.40067434310913086
8,4096,7,7,3584,4096,512,0.42880821228027344
8,6144,0,0,0,768,768,1.0
8,6144,0,1,768,1536,768,1.0
8,6144,0,2,1536,2304,768,1.0
8,6144,0,3,2304,3072,768,1.0
8,6144,0,4,3072,3840,768,1.0
8,6144,0,5,3840,4608,768,1.0
8,6144,0,6,4608,5376,768,1.0
8,6144,0,7,5376,6144,768,1.0
8,6144,1,0,0,768,768,0.22513410449028015
8,6144,1,1,768,1536,768,0.25942462682724
8,6144,1,2,1536,2304,768,0.2558676302433014
8,6144,1,3,2304,3072,768,0.22190730273723602
8,6144,1,4,3072,3840,768,0.16589757800102234
8,6144,1,5,3840,4608,768,0.19201892614364624
8,6144,1,6,4608,5376,768,0.21448177099227905
8,6144,1,7,5376,6144,768,0.2204151153564453
8,6144,2,0,0,768,768,0.16668827831745148
8,6144,2,1,768,1536,768,0.18876774609088898
8,6144,2,2,1536,2304,768,0.19039027392864227
8,6144,2,3,2304,3072,768,0.17450565099716187
8,6144,2,4,3072,3840,768,0.16892284154891968
8,6144,2,5,3840,4608,768,0.16427993774414062
8,6144,2,6,4608,5376,768,0.19308365881443024
8,6144,2,7,5376,6144,768,0.19393369555473328
8,6144,3,0,0,768,768,0.11543909460306168
8,6144,3,1,768,1536,768,0.11436080932617188
8,6144,3,2,1536,2304,768,0.11521276086568832
8,6144,3,3,2304,3072,768,0.08241695910692215
8,6144,3,4,3072,3840,768,0.1447111815214157
8,6144,3,5,3840,4608,768,0.11727460473775864
8,6144,3,6,4608,5376,768,0.11641650646924973
8,6144,3,7,5376,6144,768,0.10991138964891434
8,6144,4,0,0,768,768,0.4330037534236908
8,6144,4,1,768,1536,768,0.4349411725997925
8,6144,4,2,1536,2304,768,0.4427282512187958
8,6144,4,3,2304,3072,768,0.4253843128681183
8,6144,4,4,3072,3840,768,0.33208954334259033
8,6144,4,5,3840,4608,768,0.30781301856040955
8,6144,4,6,4608,5376,768,0.3820211589336395
8,6144,4,7,5376,6144,768,0.3802759349346161
8,6144,5,0,0,768,768,0.9206221103668213
8,6144,5,1,768,1536,768,0.9161940813064575
8,6144,5,2,1536,2304,768,0.9147720336914062
8,6144,5,3,2304,3072,768,0.9137632846832275
8,6144,5,4,3072,3840,768,0.9114364981651306
8,6144,5,5,3840,4608,768,0.918122410774231
8,6144,5,6,4608,5376,768,0.9135409593582153
8,6144,5,7,5376,6144,768,0.9133014678955078
8,6144,6,0,0,768,768,0.2781931459903717
8,6144,6,1,768,1536,768,0.2574087679386139
8,6144,6,2,1536,2304,768,0.2469228059053421
8,6144,6,3,2304,3072,768,0.2313520610332489
8,6144,6,4,3072,3840,768,0.2108698934316635
8,6144,6,5,3840,4608,768,0.2467246651649475
8,6144,6,6,4608,5376,768,0.24049928784370422
8,6144,6,7,5376,6144,768,0.23523670434951782
8,6144,7,0,0,768,768,0.349042683839798
8,6144,7,1,768,1536,768,0.2893960773944855
8,6144,7,2,1536,2304,768,0.28171709179878235
8,6144,7,3,2304,3072,768,0.28427886962890625
8,6144,7,4,3072,3840,768,0.2830929160118103
8,6144,7,5,3840,4608,768,0.2618526816368103
8,6144,7,6,4608,5376,768,0.24484401941299438
8,6144,7,7,5376,6144,768,0.24444621801376343
8,8192,0,0,0,1024,1024,1.0
8,8192,0,1,1024,2048,1024,1.0
8,8192,0,2,2048,3072,1024,1.0
8,8192,0,3,3072,4096,1024,1.0
8,8192,0,4,4096,5120,1024,1.0
8,8192,0,5,5120,6144,1024,1.0
8,8192,0,6,6144,7168,1024,1.0
8,8192,0,7,7168,8192,1024,1.0
8,8192,1,0,0,1024,1024,0.23402917385101318
8,8192,1,1,1024,2048,1024,0.20841503143310547
8,8192,1,2,2048,3072,1024,0.1989295482635498
8,8192,1,3,3072,4096,1024,0.16842830181121826
8,8192,1,4,4096,5120,1024,0.1778932809829712
8,8192,1,5,5120,6144,1024,0.17072510719299316
8,8192,1,6,6144,7168,1024,0.15558815002441406
8,8192,1,7,7168,8192,1024,0.16920506954193115
8,8192,2,0,0,1024,1024,0.18205177783966064
8,8192,2,1,1024,2048,1024,0.17917513847351074
8,8192,2,2,2048,3072,1024,0.16543304920196533
8,8192,2,3,3072,4096,1024,0.1641860008239746
8,8192,2,4,4096,5120,1024,0.17093217372894287
8,8192,2,5,5120,6144,1024,0.18165874481201172
8,8192,2,6,6144,7168,1024,0.15977990627288818
8,8192,2,7,7168,8192,1024,0.16464591026306152
8,8192,3,0,0,1024,1024,0.13188564777374268
8,8192,3,1,1024,2048,1024,0.09649419784545898
8,8192,3,2,2048,3072,1024,0.10964441299438477
8,8192,3,3,3072,4096,1024,0.16257786750793457
8,8192,3,4,4096,5120,1024,0.10471165180206299
8,8192,3,5,5120,6144,1024,0.10103607177734375
8,8192,3,6,6144,7168,1024,0.13620495796203613
8,8192,3,7,7168,8192,1024,0.14414727687835693
8,8192,4,0,0,1024,1024,0.4577399492263794
8,8192,4,1,1024,2048,1024,0.3975794315338135
8,8192,4,2,2048,3072,1024,0.3937492370605469
8,8192,4,3,3072,4096,1024,0.30431103706359863
8,8192,4,4,4096,5120,1024,0.32004714012145996
8,8192,4,5,5120,6144,1024,0.35617899894714355
8,8192,4,6,6144,7168,1024,0.32534849643707275
8,8192,4,7,7168,8192,1024,0.2775454521179199
8,8192,5,0,0,1024,1024,0.8456083536148071
8,8192,5,1,1024,2048,1024,0.825619101524353
8,8192,5,2,2048,3072,1024,0.8284609317779541
8,8192,5,3,3072,4096,1024,0.8300248384475708
8,8192,5,4,4096,5120,1024,0.8474552631378174
8,8192,5,5,5120,6144,1024,0.8351774215698242
8,8192,5,6,6144,7168,1024,0.8199402093887329
8,8192,5,7,7168,8192,1024,0.8614201545715332
8,8192,6,0,0,1024,1024,0.2435779571533203
8,8192,6,1,1024,2048,1024,0.21347665786743164
8,8192,6,2,2048,3072,1024,0.19243323802947998
8,8192,6,3,3072,4096,1024,0.18611598014831543
8,8192,6,4,4096,5120,1024,0.20700836181640625
8,8192,6,5,5120,6144,1024,0.19470155239105225
8,8192,6,6,6144,7168,1024,0.16412138938903809
8,8192,6,7,7168,8192,1024,0.20741939544677734
8,8192,7,0,0,1024,1024,0.2824409008026123
8,8192,7,1,1024,2048,1024,0.23149681091308594
8,8192,7,2,2048,3072,1024,0.21904659271240234
8,8192,7,3,3072,4096,1024,0.22406601905822754
8,8192,7,4,4096,5120,1024,0.21016812324523926
8,8192,7,5,5120,6144,1024,0.19331514835357666
8,8192,7,6,6144,7168,1024,0.20002102851867676
8,8192,7,7,7168,8192,1024,0.2216852903366089
8,12288,0,0,0,1536,1536,0.8342798352241516
8,12288,0,1,1536,3072,1536,0.8304990530014038
8,12288,0,2,3072,4608,1536,0.8370148539543152
8,12288,0,3,4608,6144,1536,0.8277503252029419
8,12288,0,4,6144,7680,1536,0.7891998887062073
8,12288,0,5,7680,9216,1536,0.7339093089103699
8,12288,0,6,9216,10752,1536,0.7637487053871155
8,12288,0,7,10752,12288,1536,0.7148241996765137
8,12288,1,0,0,1536,1536,0.20321252942085266
8,12288,1,1,1536,3072,1536,0.20226138830184937
8,12288,1,2,3072,4608,1536,0.15340709686279297
8,12288,1,3,4608,6144,1536,0.15617656707763672
8,12288,1,4,6144,7680,1536,0.14285214245319366
8,12288,1,5,7680,9216,1536,0.14681805670261383
8,12288,1,6,9216,10752,1536,0.13692420721054077
8,12288,1,7,10752,12288,1536,0.14751312136650085
8,12288,2,0,0,1536,1536,0.17146147787570953
8,12288,2,1,1536,3072,1536,0.15021668374538422
8,12288,2,2,3072,4608,1536,0.15186622738838196
8,12288,2,3,4608,6144,1536,0.15561093389987946
8,12288,2,4,6144,7680,1536,0.1427038013935089
8,12288,2,5,7680,9216,1536,0.155034601688385
8,12288,2,6,9216,10752,1536,0.14779414236545563
8,12288,2,7,10752,12288,1536,0.14619509875774384
8,12288,3,0,0,1536,1536,0.1380496621131897
8,12288,3,1,1536,3072,1536,0.11943928152322769
8,12288,3,2,3072,4608,1536,0.14949671924114227
8,12288,3,3,4608,6144,1536,0.1040501594543457
8,12288,3,4,6144,7680,1536,0.1399850845336914
8,12288,3,5,7680,9216,1536,0.11059527844190598
8,12288,3,6,9216,10752,1536,0.1136508509516716
8,12288,3,7,10752,12288,1536,0.1310458779335022
8,12288,4,0,0,1536,1536,0.4200776517391205
8,12288,4,1,1536,3072,1536,0.384128212928772
8,12288,4,2,3072,4608,1536,0.29011809825897217
8,12288,4,3,4608,6144,1536,0.32898733019828796
8,12288,4,4,6144,7680,1536,0.28984054923057556
8,12288,4,5,7680,9216,1536,0.29501792788505554
8,12288,4,6,9216,10752,1536,0.3090358376502991
8,12288,4,7,10752,12288,1536,0.2637210488319397
8,12288,5,0,0,1536,1536,0.7837709784507751
8,12288,5,1,1536,3072,1536,0.7736987471580505
8,12288,5,2,3072,4608,1536,0.7815672159194946
8,12288,5,3,4608,6144,1536,0.812151312828064
8,12288,5,4,6144,7680,1536,0.7898982763290405
8,12288,5,5,7680,9216,1536,0.8208655714988708
8,12288,5,6,9216,10752,1536,0.7987364530563354
8,12288,5,7,10752,12288,1536,0.8277302384376526
8,12288,6,0,0,1536,1536,0.19547875225543976
8,12288,6,1,1536,3072,1536,0.1691661924123764
8,12288,6,2,3072,4608,1536,0.16007021069526672
8,12288,6,3,4608,6144,1536,0.16358450055122375
8,12288,6,4,6144,7680,1536,0.14828936755657196
8,12288,6,5,7680,9216,1536,0.16343174874782562
8,12288,6,6,9216,10752,1536,0.1416771113872528
8,12288,6,7,10752,12288,1536,0.16574726998806
8,12288,7,0,0,1536,1536,0.225155770778656
8,12288,7,1,1536,3072,1536,0.19049443304538727
8,12288,7,2,3072,4608,1536,0.18369705975055695
8,12288,7,3,4608,6144,1536,0.1622241884469986
8,12288,7,4,6144,7680,1536,0.1688465029001236
8,12288,7,5,7680,9216,1536,0.16740258038043976
8,12288,7,6,9216,10752,1536,0.15947198867797852
8,12288,7,7,10752,12288,1536,0.1715015321969986
8,16384,0,0,0,2048,2048,0.6644880771636963
8,16384,0,1,2048,4096,2048,0.6602311730384827
8,16384,0,2,4096,6144,2048,0.6651544570922852
8,16384,0,3,6144,8192,2048,0.6319129467010498
8,16384,0,4,8192,10240,2048,0.5997021794319153
8,16384,0,5,10240,12288,2048,0.5751590728759766
8,16384,0,6,12288,14336,2048,0.5712228417396545
8,16384,0,7,14336,16384,2048,0.5489354133605957
8,16384,1,0,0,2048,2048,0.2024083435535431
8,16384,1,1,2048,4096,2048,0.1706565022468567
8,16384,1,2,4096,6144,2048,0.14757731556892395
8,16384,1,3,6144,8192,2048,0.13515028357505798
8,16384,1,4,8192,10240,2048,0.13033676147460938
8,16384,1,5,10240,12288,2048,0.13308855891227722
8,16384,1,6,12288,14336,2048,0.12631526589393616
8,16384,1,7,14336,16384,2048,0.1333901584148407
8,16384,2,0,0,2048,2048,0.16470491886138916
8,16384,2,1,2048,4096,2048,0.14221462607383728
8,16384,2,2,4096,6144,2048,0.14190667867660522
8,16384,2,3,6144,8192,2048,0.13627862930297852
8,16384,2,4,8192,10240,2048,0.14100486040115356
8,16384,2,5,10240,12288,2048,0.13584065437316895
8,16384,2,6,12288,14336,2048,0.13534054160118103
8,16384,2,7,14336,16384,2048,0.1399064064025879
8,16384,3,0,0,2048,2048,0.13504761457443237
8,16384,3,1,2048,4096,2048,0.14082473516464233
8,16384,3,2,4096,6144,2048,0.1160576343536377
8,16384,3,3,6144,8192,2048,0.13828769326210022
8,16384,3,4,8192,10240,2048,0.10443183779716492
8,16384,3,5,10240,12288,2048,0.13032346963882446
8,16384,3,6,12288,14336,2048,0.10678580403327942
8,16384,3,7,14336,16384,2048,0.1292075216770172
8,16384,4,0,0,2048,2048,0.3894042372703552
8,16384,4,1,2048,4096,2048,0.3309616148471832
8,16384,4,2,4096,6144,2048,0.29038962721824646
8,16384,4,3,6144,8192,2048,0.2764624357223511
8,16384,4,4,8192,10240,2048,0.2937823235988617
8,16384,4,5,10240,12288,2048,0.2563703954219818
8,16384,4,6,12288,14336,2048,0.30105283856391907
8,16384,4,7,14336,16384,2048,0.25374385714530945
8,16384,5,0,0,2048,2048,0.7634319067001343
8,16384,5,1,2048,4096,2048,0.7512845993041992
8,16384,5,2,4096,6144,2048,0.791078507900238
8,16384,5,3,6144,8192,2048,0.7800712585449219
8,16384,5,4,8192,10240,2048,0.8069820404052734
8,16384,5,5,10240,12288,2048,0.8016048669815063
8,16384,5,6,12288,14336,2048,0.7999998331069946
8,16384,5,7,14336,16384,2048,0.814091682434082
8,16384,6,0,0,2048,2048,0.1741812825202942
8,16384,6,1,2048,4096,2048,0.1471526324748993
8,16384,6,2,4096,6144,2048,0.14971622824668884
8,16384,6,3,6144,8192,2048,0.13952386379241943
8,16384,6,4,8192,10240,2048,0.14288979768753052
8,16384,6,5,10240,12288,2048,0.13797491788864136
8,16384,6,6,12288,14336,2048,0.1345495581626892
8,16384,6,7,14336,16384,2048,0.14594244956970215
8,16384,7,0,0,2048,2048,0.19520443677902222
8,16384,7,1,2048,4096,2048,0.16986215114593506
8,16384,7,2,4096,6144,2048,0.14848515391349792
8,16384,7,3,6144,8192,2048,0.15026897192001343
8,16384,7,4,8192,10240,2048,0.14469125866889954
8,16384,7,5,10240,12288,2048,0.14590421319007874
8,16384,7,6,12288,14336,2048,0.1415768563747406
8,16384,7,7,14336,16384,2048,0.15094441175460815
8,24576,0,0,0,3072,3072,0.4470839500427246
8,24576,0,1,3072,6144,3072,0.4554751217365265
8,24576,0,2,6144,9216,3072,0.44568151235580444
8,24576,0,3,9216,12288,3072,0.43968427181243896
8,24576,0,4,12288,15360,3072,0.4260425567626953
8,24576,0,5,15360,18432,3072,0.4176378846168518
8,24576,0,6,18432,21504,3072,0.41037410497665405
8,24576,0,7,21504,24576,3072,0.4133860170841217
8,24576,1,0,0,3072,3072,0.19876648485660553
8,24576,1,1,3072,6144,3072,0.14271117746829987
8,24576,1,2,6144,9216,3072,0.12768298387527466
8,24576,1,3,9216,12288,3072,0.12271030992269516
8,24576,1,4,12288,15360,3072,0.1210261732339859
8,24576,1,5,15360,18432,3072,0.12132777273654938
8,24576,1,6,18432,21504,3072,0.12311974912881851
8,24576,1,7,21504,24576,3072,0.12494145333766937
8,24576,2,0,0,3072,3072,0.1608666330575943
8,24576,2,1,3072,6144,3072,0.14010030031204224
8,24576,2,2,6144,9216,3072,0.13639827072620392
8,24576,2,3,9216,12288,3072,0.13473935425281525
8,24576,2,4,12288,15360,3072,0.13188283145427704
8,24576,2,5,15360,18432,3072,0.14056573808193207
8,24576,2,6,18432,21504,3072,0.16195589303970337
8,24576,2,7,21504,24576,3072,0.13700821995735168
8,24576,3,0,0,3072,3072,0.12298297882080078
8,24576,3,1,3072,6144,3072,0.1362224668264389
8,24576,3,2,6144,9216,3072,0.13209190964698792
8,24576,3,3,9216,12288,3072,0.12062382698059082
8,24576,3,4,12288,15360,3072,0.12144596129655838
8,24576,3,5,15360,18432,3072,0.12175998091697693
8,24576,3,6,18432,21504,3072,0.10630745440721512
8,24576,3,7,21504,24576,3072,0.12300965189933777
8,24576,4,0,0,3072,3072,0.36315008997917175
8,24576,4,1,3072,6144,3072,0.2732242941856384
8,24576,4,2,6144,9216,3072,0.24967993795871735
8,24576,4,3,9216,12288,3072,0.2413310408592224
8,24576,4,4,12288,15360,3072,0.247661754488945
8,24576,4,5,15360,18432,3072,0.2466617226600647
8,24576,4,6,18432,21504,3072,0.24220824241638184
8,24576,4,7,21504,24576,3072,0.25237858295440674
8,24576,5,0,0,3072,3072,0.7458238005638123
8,24576,5,1,3072,6144,3072,0.7500911355018616
8,24576,5,2,6144,9216,3072,0.7632884979248047
8,24576,5,3,9216,12288,3072,0.7791273593902588
8,24576,5,4,12288,15360,3072,0.7816820740699768
8,24576,5,5,15360,18432,3072,0.7781184315681458
8,24576,5,6,18432,21504,3072,0.7805140018463135
8,24576,5,7,21504,24576,3072,0.7935371994972229
8,24576,6,0,0,3072,3072,0.14987154304981232
8,24576,6,1,3072,6144,3072,0.13044826686382294
8,24576,6,2,6144,9216,3072,0.12680579721927643
8,24576,6,3,9216,12288,3072,0.12564057111740112
8,24576,6,4,12288,15360,3072,0.12662112712860107
8,24576,6,5,15360,18432,3072,0.12484480440616608
8,24576,6,6,18432,21504,3072,0.12513737380504608
8,24576,6,7,21504,24576,3072,0.13188695907592773
8,24576,7,0,0,3072,3072,0.1575603187084198
8,24576,7,1,3072,6144,3072,0.1314847320318222
8,24576,7,2,6144,9216,3072,0.12718400359153748
8,24576,7,3,9216,12288,3072,0.12603633105754852
8,24576,7,4,12288,15360,3072,0.12717318534851074
8,24576,7,5,15360,18432,3072,0.12734520435333252
8,24576,7,6,18432,21504,3072,0.1250147968530655
8,24576,7,7,21504,24576,3072,0.12955503165721893
8,32768,0,0,0,4096,4096,0.3594038486480713
8,32768,0,1,4096,8192,4096,0.3495129346847534
8,32768,0,2,8192,12288,4096,0.3438219130039215
8,32768,0,3,12288,16384,4096,0.34292498230934143
8,32768,0,4,16384,20480,4096,0.34205958247184753
8,32768,0,5,20480,24576,4096,0.34179747104644775
8,32768,0,6,24576,28672,4096,0.33392608165740967
8,32768,0,7,28672,32768,4096,0.33175066113471985
8,32768,1,0,0,4096,4096,0.181364506483078
8,32768,1,1,4096,8192,4096,0.132586270570755
8,32768,1,2,8192,12288,4096,0.12058408558368683
8,32768,1,3,12288,16384,4096,0.11912074685096741
8,32768,1,4,16384,20480,4096,0.11991732567548752
8,32768,1,5,20480,24576,4096,0.12240679562091827
8,32768,1,6,24576,28672,4096,0.12117046862840652
8,32768,1,7,28672,32768,4096,0.12249204516410828
8,32768,2,0,0,4096,4096,0.16085940599441528
8,32768,2,1,4096,8192,4096,0.1311739832162857
8,32768,2,2,8192,12288,4096,0.12830957770347595
8,32768,2,3,12288,16384,4096,0.12640923261642456
8,32768,2,4,16384,20480,4096,0.13624203205108643
8,32768,2,5,20480,24576,4096,0.1475190669298172
8,32768,2,6,24576,28672,4096,0.1284170150756836
8,32768,2,7,28672,32768,4096,0.1288936585187912
8,32768,3,0,0,4096,4096,0.1259303092956543
8,32768,3,1,4096,8192,4096,0.13413259387016296
8,32768,3,2,8192,12288,4096,0.11708731949329376
8,32768,3,3,12288,16384,4096,0.11825411766767502
8,32768,3,4,16384,20480,4096,0.11809054762125015
8,32768,3,5,20480,24576,4096,0.11872104555368423
8,32768,3,6,24576,28672,4096,0.11592455953359604
8,32768,3,7,28672,32768,4096,0.12739984691143036
8,32768,4,0,0,4096,4096,0.3430248498916626
8,32768,4,1,4096,8192,4096,0.25271669030189514
8,32768,4,2,8192,12288,4096,0.24051690101623535
8,32768,4,3,12288,16384,4096,0.24467343091964722
8,32768,4,4,16384,20480,4096,0.2383039891719818
8,32768,4,5,20480,24576,4096,0.24422475695610046
8,32768,4,6,24576,28672,4096,0.24318784475326538
8,32768,4,7,28672,32768,4096,0.24303801357746124
8,32768,5,0,0,4096,4096,0.713111162185669
8,32768,5,1,4096,8192,4096,0.7377407550811768
8,32768,5,2,8192,12288,4096,0.7610806226730347
8,32768,5,3,12288,16384,4096,0.7651197910308838
8,32768,5,4,16384,20480,4096,0.7626236081123352
8,32768,5,5,20480,24576,4096,0.7651958465576172
8,32768,5,6,24576,28672,4096,0.7534961104393005
8,32768,5,7,28672,32768,4096,0.7652129530906677
8,32768,6,0,0,4096,4096,0.13778668642044067
8,32768,6,1,4096,8192,4096,0.1242457926273346
8,32768,6,2,8192,12288,4096,0.12119722366333008
8,32768,6,3,12288,16384,4096,0.12131704390048981
8,32768,6,4,16384,20480,4096,0.12202506512403488
8,32768,6,5,20480,24576,4096,0.12215609103441238
8,32768,6,6,24576,28672,4096,0.1183985024690628
8,32768,6,7,28672,32768,4096,0.12088262289762497
8,32768,7,0,0,4096,4096,0.13755711913108826
8,32768,7,1,4096,8192,4096,0.11825434118509293
8,32768,7,2,8192,12288,4096,0.11589699983596802
8,32768,7,3,12288,16384,4096,0.11660575121641159
8,32768,7,4,16384,20480,4096,0.11852540820837021
8,32768,7,5,20480,24576,4096,0.11827068030834198
8,32768,7,6,24576,28672,4096,0.11690139025449753
8,32768,7,7,28672,32768,4096,0.11932303756475449
8,111600,0,0,0,13950,13950,0.14490970969200134
8,111600,0,1,13950,27900,13950,0.22021512687206268
8,111600,0,2,27900,41850,13950,0.22403651475906372
8,111600,0,3,41850,55800,13950,0.22090165317058563
8,111600,0,4,55800,69750,13950,0.22262629866600037
8,111600,0,5,69750,83700,13950,0.22999507188796997
8,111600,0,6,83700,97650,13950,0.23614880442619324
8,111600,0,7,97650,111600,13950,0.2275797575712204
8,111600,1,0,0,13950,13950,0.14025314152240753
8,111600,1,1,13950,27900,13950,0.11479496210813522
8,111600,1,2,27900,41850,13950,0.1155378669500351
8,111600,1,3,41850,55800,13950,0.11599960178136826
8,111600,1,4,55800,69750,13950,0.11492086201906204
8,111600,1,5,69750,83700,13950,0.11453916132450104
8,111600,1,6,83700,97650,13950,0.11530403047800064
8,111600,1,7,97650,111600,13950,0.11433928459882736
8,111600,2,0,0,13950,13950,0.13963033258914948
8,111600,2,1,13950,27900,13950,0.13484545052051544
8,111600,2,2,27900,41850,13950,0.13567841053009033
8,111600,2,3,41850,55800,13950,0.13169170916080475
8,111600,2,4,55800,69750,13950,0.13610026240348816
8,111600,2,5,69750,83700,13950,0.13833977282047272
8,111600,2,6,83700,97650,13950,0.13231594860553741
8,111600,2,7,97650,111600,13950,0.13325592875480652
8,111600,3,0,0,13950,13950,0.11813219636678696
8,111600,3,1,13950,27900,13950,0.12073668092489243
8,111600,3,2,27900,41850,13950,0.12040495127439499
8,111600,3,3,41850,55800,13950,0.11864712834358215
8,111600,3,4,55800,69750,13950,0.1181647852063179
8,111600,3,5,69750,83700,13950,0.1190856471657753
8,111600,3,6,83700,97650,13950,0.11813805252313614
8,111600,3,7,97650,111600,13950,0.11825632303953171
8,111600,4,0,0,13950,13950,0.26394209265708923
8,111600,4,1,13950,27900,13950,0.21062761545181274
8,111600,4,2,27900,41850,13950,0.21303445100784302
8,111600,4,3,41850,55800,13950,0.21477772295475006
8,111600,4,4,55800,69750,13950,0.21306240558624268
8,111600,4,5,69750,83700,13950,0.21063464879989624
8,111600,4,6,83700,97650,13950,0.21368493139743805
8,111600,4,7,97650,111600,13950,0.2122347354888916
8,111600,5,0,0,13950,13950,0.7384732365608215
8,111600,5,1,13950,27900,13950,0.7246695756912231
8,111600,5,2,27900,41850,13950,0.717296302318573
8,111600,5,3,41850,55800,13950,0.7179490923881531
8,111600,5,4,55800,69750,13950,0.7136118412017822
8,111600,5,5,69750,83700,13950,0.7122237682342529
8,111600,5,6,83700,97650,13950,0.7136903405189514
8,111600,5,7,97650,111600,13950,0.7225949764251709
8,111600,6,0,0,13950,13950,0.12918375432491302
8,111600,6,1,13950,27900,13950,0.11481785774230957
8,111600,6,2,27900,41850,13950,0.1143820509314537
8,111600,6,3,41850,55800,13950,0.11420778185129166
8,111600,6,4,55800,69750,13950,0.11515479534864426
8,111600,6,5,69750,83700,13950,0.1158239021897316
8,111600,6,6,83700,97650,13950,0.11452425271272659
8,111600,6,7,97650,111600,13950,0.11503258347511292
8,111600,7,0,0,13950,13950,0.10563862323760986
8,111600,7,1,13950,27900,13950,0.10919946432113647
8,111600,7,2,27900,41850,13950,0.10994455963373184
8,111600,7,3,41850,55800,13950,0.10905376076698303
8,111600,7,4,55800,69750,13950,0.10914897918701172
8,111600,7,5,69750,83700,13950,0.10997498035430908
8,111600,7,6,83700,97650,13950,0.1094389259815216
8,111600,7,7,97650,111600,13950,0.10846966505050659
12,1024,0,0,0,128,128,1.0
12,1024,0,1,128,256,128,1.0
12,1024,0,2,256,384,128,1.0
12,1024,0,3,384,512,128,1.0
12,1024,0,4,512,640,128,1.0
12,1024,0,5,640,768,128,1.0
12,1024,0,6,768,896,128,1.0
12,1024,0,7,896,1024,128,1.0
12,1024,1,0,0,128,128,0.72705078125
12,1024,1,1,128,256,128,0.72625732421875
12,1024,1,2,256,384,128,0.7291183471679688
12,1024,1,3,384,512,128,0.7334213256835938
12,1024,1,4,512,640,128,0.726104736328125
12,1024,1,5,640,768,128,0.7275009155273438
12,1024,1,6,768,896,128,0.7305755615234375
12,1024,1,7,896,1024,128,0.7297897338867188
12,1024,2,0,0,128,128,0.6191177368164062
12,1024,2,1,128,256,128,0.5929718017578125
12,1024,2,2,256,384,128,0.5793075561523438
12,1024,2,3,384,512,128,0.5789947509765625
12,1024,2,4,512,640,128,0.6095199584960938
12,1024,2,5,640,768,128,0.585723876953125
12,1024,2,6,768,896,128,0.574493408203125
12,1024,2,7,896,1024,128,0.5666122436523438
12,1024,3,0,0,128,128,0.6905899047851562
12,1024,3,1,128,256,128,0.6715621948242188
12,1024,3,2,256,384,128,0.662994384765625
12,1024,3,3,384,512,128,0.5228118896484375
12,1024,3,4,512,640,128,0.5098190307617188
12,1024,3,5,640,768,128,0.5103302001953125
12,1024,3,6,768,896,128,0.5500411987304688
12,1024,3,7,896,1024,128,0.6875991821289062
12,1024,4,0,0,128,128,0.8093109130859375
12,1024,4,1,128,256,128,0.8133544921875
12,1024,4,2,256,384,128,0.813446044921875
12,1024,4,3,384,512,128,0.8068313598632812
12,1024,4,4,512,640,128,0.8022918701171875
12,1024,4,5,640,768,128,0.7983322143554688
12,1024,4,6,768,896,128,0.7930831909179688
12,1024,4,7,896,1024,128,0.7888259887695312
12,1024,5,0,0,128,128,1.0
12,1024,5,1,128,256,128,1.0
12,1024,5,2,256,384,128,1.0
12,1024,5,3,384,512,128,1.0
12,1024,5,4,512,640,128,1.0
12,1024,5,5,640,768,128,1.0
12,1024,5,6,768,896,128,1.0
12,1024,5,7,896,1024,128,1.0
12,1024,6,0,0,128,128,0.9071731567382812
12,1024,6,1,128,256,128,0.909515380859375
12,1024,6,2,256,384,128,0.91021728515625
12,1024,6,3,384,512,128,0.9105148315429688
12,1024,6,4,512,640,128,0.9136505126953125
12,1024,6,5,640,768,128,0.9124374389648438
12,1024,6,6,768,896,128,0.9126205444335938
12,1024,6,7,896,1024,128,0.9110870361328125
12,1024,7,0,0,128,128,0.9600296020507812
12,1024,7,1,128,256,128,0.9592819213867188
12,1024,7,2,256,384,128,0.9599838256835938
12,1024,7,3,384,512,128,0.9560546875
12,1024,7,4,512,640,128,0.9570465087890625
12,1024,7,5,640,768,128,0.9600296020507812
12,1024,7,6,768,896,128,0.9560317993164062
12,1024,7,7,896,1024,128,0.9535369873046875
12,1024,8,0,0,128,128,1.0
12,1024,8,1,128,256,128,1.0
12,1024,8,2,256,384,128,1.0
12,1024,8,3,384,512,128,1.0
12,1024,8,4,512,640,128,1.0
12,1024,8,5,640,768,128,1.0
12,1024,8,6,768,896,128,1.0
12,1024,8,7,896,1024,128,1.0
12,1024,9,0,0,128,128,1.0
12,1024,9,1,128,256,128,1.0
12,1024,9,2,256,384,128,1.0
12,1024,9,3,384,512,128,1.0
12,1024,9,4,512,640,128,1.0
12,1024,9,5,640,768,128,1.0
12,1024,9,6,768,896,128,1.0
12,1024,9,7,896,1024,128,1.0
12,1024,10,0,0,128,128,1.0
12,1024,10,1,128,256,128,1.0
12,1024,10,2,256,384,128,1.0
12,1024,10,3,384,512,128,1.0
12,1024,10,4,512,640,128,1.0
12,1024,10,5,640,768,128,1.0
12,1024,10,6,768,896,128,1.0
12,1024,10,7,896,1024,128,1.0
12,1024,11,0,0,128,128,1.0
12,1024,11,1,128,256,128,1.0
12,1024,11,2,256,384,128,1.0
12,1024,11,3,384,512,128,1.0
12,1024,11,4,512,640,128,1.0
12,1024,11,5,640,768,128,1.0
12,1024,11,6,768,896,128,1.0
12,1024,11,7,896,1024,128,1.0
12,2048,0,0,0,256,256,1.0
12,2048,0,1,256,512,256,1.0
12,2048,0,2,512,768,256,1.0
12,2048,0,3,768,1024,256,1.0
12,2048,0,4,1024,1280,256,1.0
12,2048,0,5,1280,1536,256,1.0
12,2048,0,6,1536,1792,256,1.0
12,2048,0,7,1792,2048,256,1.0
12,2048,1,0,0,256,256,0.3739643096923828
12,2048,1,1,256,512,256,0.37548255920410156
12,2048,1,2,512,768,256,0.4043731689453125
12,2048,1,3,768,1024,256,0.4370384216308594
12,2048,1,4,1024,1280,256,0.4169960021972656
12,2048,1,5,1280,1536,256,0.3962383270263672
12,2048,1,6,1536,1792,256,0.3707237243652344
12,2048,1,7,1792,2048,256,0.3704833984375
12,2048,2,0,0,256,256,0.31235313415527344
12,2048,2,1,256,512,256,0.2897930145263672
12,2048,2,2,512,768,256,0.31291961669921875
12,2048,2,3,768,1024,256,0.2969627380371094
12,2048,2,4,1024,1280,256,0.31946754455566406
12,2048,2,5,1280,1536,256,0.29291343688964844
12,2048,2,6,1536,1792,256,0.29775047302246094
12,2048,2,7,1792,2048,256,0.2742900848388672
12,2048,3,0,0,256,256,0.3679828643798828
12,2048,3,1,256,512,256,0.326416015625
12,2048,3,2,512,768,256,0.27123069763183594
12,2048,3,3,768,1024,256,0.2566356658935547
12,2048,3,4,1024,1280,256,0.24229812622070312
12,2048,3,5,1280,1536,256,0.2229137420654297
12,2048,3,6,1536,1792,256,0.20502281188964844
12,2048,3,7,1792,2048,256,0.25016021728515625
12,2048,4,0,0,256,256,0.446990966796875
12,2048,4,1,256,512,256,0.46152305603027344
12,2048,4,2,512,768,256,0.5003395080566406
12,2048,4,3,768,1024,256,0.5357437133789062
12,2048,4,4,1024,1280,256,0.5290489196777344
12,2048,4,5,1280,1536,256,0.5053863525390625
12,2048,4,6,1536,1792,256,0.5064773559570312
12,2048,4,7,1792,2048,256,0.4856719970703125
12,2048,5,0,0,256,256,1.0
12,2048,5,1,256,512,256,1.0
12,2048,5,2,512,768,256,1.0
12,2048,5,3,768,1024,256,1.0
12,2048,5,4,1024,1280,256,1.0
12,2048,5,5,1280,1536,256,1.0
12,2048,5,6,1536,1792,256,1.0
12,2048,5,7,1792,2048,256,1.0
12,2048,6,0,0,256,256,0.5973949432373047
12,2048,6,1,256,512,256,0.5947265625
12,2048,6,2,512,768,256,0.5871219635009766
12,2048,6,3,768,1024,256,0.5628108978271484
12,2048,6,4,1024,1280,256,0.5390625
12,2048,6,5,1280,1536,256,0.5461521148681641
12,2048,6,6,1536,1792,256,0.5473766326904297
12,2048,6,7,1792,2048,256,0.5425968170166016
12,2048,7,0,0,256,256,0.6915473937988281
12,2048,7,1,256,512,256,0.6845836639404297
12,2048,7,2,512,768,256,0.6836681365966797
12,2048,7,3,768,1024,256,0.6761589050292969
12,2048,7,4,1024,1280,256,0.6484756469726562
12,2048,7,5,1280,1536,256,0.6480903625488281
12,2048,7,6,1536,1792,256,0.6355342864990234
12,2048,7,7,1792,2048,256,0.6305809020996094
12,2048,8,0,0,256,256,1.0
12,2048,8,1,256,512,256,1.0
12,2048,8,2,512,768,256,1.0
12,2048,8,3,768,1024,256,1.0
12,2048,8,4,1024,1280,256,1.0
12,2048,8,5,1280,1536,256,1.0
12,2048,8,6,1536,1792,256,1.0
12,2048,8,7,1792,2048,256,1.0
12,2048,9,0,0,256,256,1.0
12,2048,9,1,256,512,256,1.0
12,2048,9,2,512,768,256,1.0
12,2048,9,3,768,1024,256,1.0
12,2048,9,4,1024,1280,256,1.0
12,2048,9,5,1280,1536,256,1.0
12,2048,9,6,1536,1792,256,1.0
12,2048,9,7,1792,2048,256,1.0
12,2048,10,0,0,256,256,0.9600200653076172
12,2048,10,1,256,512,256,0.9593105316162109
12,2048,10,2,512,768,256,0.9598445892333984
12,2048,10,3,768,1024,256,0.9553718566894531
12,2048,10,4,1024,1280,256,0.9550762176513672
12,2048,10,5,1280,1536,256,0.9503459930419922
12,2048,10,6,1536,1792,256,0.952117919921875
12,2048,10,7,1792,2048,256,0.9456558227539062
12,2048,11,0,0,256,256,1.0
12,2048,11,1,256,512,256,1.0
12,2048,11,2,512,768,256,1.0
12,2048,11,3,768,1024,256,1.0
12,2048,11,4,1024,1280,256,1.0
12,2048,11,5,1280,1536,256,1.0
12,2048,11,6,1536,1792,256,1.0
12,2048,11,7,1792,2048,256,1.0
12,4096,0,0,0,512,512,1.0
12,4096,0,1,512,1024,512,1.0
12,4096,0,2,1024,1536,512,1.0
12,4096,0,3,1536,2048,512,1.0
12,4096,0,4,2048,2560,512,1.0
12,4096,0,5,2560,3072,512,1.0
12,4096,0,6,3072,3584,512,1.0
12,4096,0,7,3584,4096,512,1.0
12,4096,1,0,0,512,512,0.26219701766967773
12,4096,1,1,512,1024,512,0.2607269287109375
12,4096,1,2,1024,1536,512,0.2607765197753906
12,4096,1,3,1536,2048,512,0.2771754264831543
12,4096,1,4,2048,2560,512,0.2795987129211426
12,4096,1,5,2560,3072,512,0.24165773391723633
12,4096,1,6,3072,3584,512,0.21796560287475586
12,4096,1,7,3584,4096,512,0.2268543243408203
12,4096,2,0,0,512,512,0.19728851318359375
12,4096,2,1,512,1024,512,0.19141483306884766
12,4096,2,2,1024,1536,512,0.2149958610534668
12,4096,2,3,1536,2048,512,0.21466684341430664
12,4096,2,4,2048,2560,512,0.2117767333984375
12,4096,2,5,2560,3072,512,0.19974708557128906
12,4096,2,6,3072,3584,512,0.19477558135986328
12,4096,2,7,3584,4096,512,0.19890260696411133
12,4096,3,0,0,512,512,0.15480470657348633
12,4096,3,1,512,1024,512,0.12485265731811523
12,4096,3,2,1024,1536,512,0.10598373413085938
12,4096,3,3,1536,2048,512,0.09870243072509766
12,4096,3,4,2048,2560,512,0.10434818267822266
12,4096,3,5,2560,3072,512,0.11366891860961914
12,4096,3,6,3072,3584,512,0.18701553344726562
12,4096,3,7,3584,4096,512,0.16387462615966797
12,4096,4,0,0,512,512,0.44867658615112305
12,4096,4,1,512,1024,512,0.43708181381225586
12,4096,4,2,1024,1536,512,0.4411468505859375
12,4096,4,3,1536,2048,512,0.4683971405029297
12,4096,4,4,2048,2560,512,0.4806966781616211
12,4096,4,5,2560,3072,512,0.45174694061279297
12,4096,4,6,3072,3584,512,0.3822598457336426
12,4096,4,7,3584,4096,512,0.3355598449707031
12,4096,5,0,0,512,512,0.9653635025024414
12,4096,5,1,512,1024,512,0.9644551277160645
12,4096,5,2,1024,1536,512,0.9631991386413574
12,4096,5,3,1536,2048,512,0.9630599021911621
12,4096,5,4,2048,2560,512,0.9630351066589355
12,4096,5,5,2560,3072,512,0.9627037048339844
12,4096,5,6,3072,3584,512,0.9599547386169434
12,4096,5,7,3584,4096,512,0.9641156196594238
12,4096,6,0,0,512,512,0.37367773056030273
12,4096,6,1,512,1024,512,0.35852813720703125
12,4096,6,2,1024,1536,512,0.33219242095947266
12,4096,6,3,1536,2048,512,0.3239870071411133
12,4096,6,4,2048,2560,512,0.3171391487121582
12,4096,6,5,2560,3072,512,0.2829856872558594
12,4096,6,6,3072,3584,512,0.26110124588012695
12,4096,6,7,3584,4096,512,0.3385324478149414
12,4096,7,0,0,512,512,0.5177679061889648
12,4096,7,1,512,1024,512,0.47278404235839844
12,4096,7,2,1024,1536,512,0.41314125061035156
12,4096,7,3,1536,2048,512,0.41454553604125977
12,4096,7,4,2048,2560,512,0.40676021575927734
12,4096,7,5,2560,3072,512,0.39688730239868164
12,4096,7,6,3072,3584,512,0.40067434310913086
12,4096,7,7,3584,4096,512,0.42880821228027344
12,4096,8,0,0,512,512,1.0
12,4096,8,1,512,1024,512,1.0
12,4096,8,2,1024,1536,512,1.0
12,4096,8,3,1536,2048,512,1.0
12,4096,8,4,2048,2560,512,1.0
12,4096,8,5,2560,3072,512,1.0
12,4096,8,6,3072,3584,512,1.0
12,4096,8,7,3584,4096,512,1.0
12,4096,9,0,0,512,512,0.9227814674377441
12,4096,9,1,512,1024,512,0.9148540496826172
12,4096,9,2,1024,1536,512,0.9126362800598145
12,4096,9,3,1536,2048,512,0.901341438293457
12,4096,9,4,2048,2560,512,0.8827104568481445
12,4096,9,5,2560,3072,512,0.8464927673339844
12,4096,9,6,3072,3584,512,0.8424191474914551
12,4096,9,7,3584,4096,512,0.8954939842224121
12,4096,10,0,0,512,512,0.4376983642578125
12,4096,10,1,512,1024,512,0.49496889114379883
12,4096,10,2,1024,1536,512,0.46367835998535156
12,4096,10,3,1536,2048,512,0.4492931365966797
12,4096,10,4,2048,2560,512,0.4338035583496094
12,4096,10,5,2560,3072,512,0.3942594528198242
12,4096,10,6,3072,3584,512,0.32219934463500977
12,4096,10,7,3584,4096,512,0.2860236167907715
12,4096,11,0,0,512,512,1.0
12,4096,11,1,512,1024,512,1.0
12,4096,11,2,1024,1536,512,1.0
12,4096,11,3,1536,2048,512,1.0
12,4096,11,4,2048,2560,512,1.0
12,4096,11,5,2560,3072,512,1.0
12,4096,11,6,3072,3584,512,1.0
12,4096,11,7,3584,4096,512,1.0
12,6144,0,0,0,768,768,1.0
12,6144,0,1,768,1536,768,1.0
12,6144,0,2,1536,2304,768,1.0
12,6144,0,3,2304,3072,768,1.0
12,6144,0,4,3072,3840,768,1.0
12,6144,0,5,3840,4608,768,1.0
12,6144,0,6,4608,5376,768,1.0
12,6144,0,7,5376,6144,768,1.0
12,6144,1,0,0,768,768,0.22513410449028015
12,6144,1,1,768,1536,768,0.25942462682724
12,6144,1,2,1536,2304,768,0.2558676302433014
12,6144,1,3,2304,3072,768,0.22190730273723602
12,6144,1,4,3072,3840,768,0.16589757800102234
12,6144,1,5,3840,4608,768,0.19201892614364624
12,6144,1,6,4608,5376,768,0.21448177099227905
12,6144,1,7,5376,6144,768,0.2204151153564453
12,6144,2,0,0,768,768,0.16668827831745148
12,6144,2,1,768,1536,768,0.18876774609088898
12,6144,2,2,1536,2304,768,0.19039027392864227
12,6144,2,3,2304,3072,768,0.17450565099716187
12,6144,2,4,3072,3840,768,0.16892284154891968
12,6144,2,5,3840,4608,768,0.16427993774414062
12,6144,2,6,4608,5376,768,0.19308365881443024
12,6144,2,7,5376,6144,768,0.19393369555473328
12,6144,3,0,0,768,768,0.11543909460306168
12,6144,3,1,768,1536,768,0.11436080932617188
12,6144,3,2,1536,2304,768,0.11521276086568832
12,6144,3,3,2304,3072,768,0.08241695910692215
12,6144,3,4,3072,3840,768,0.1447111815214157
12,6144,3,5,3840,4608,768,0.11727460473775864
12,6144,3,6,4608,5376,768,0.11641650646924973
12,6144,3,7,5376,6144,768,0.10991138964891434
12,6144,4,0,0,768,768,0.4330037534236908
12,6144,4,1,768,1536,768,0.4349411725997925
12,6144,4,2,1536,2304,768,0.4427282512187958
12,6144,4,3,2304,3072,768,0.4253843128681183
12,6144,4,4,3072,3840,768,0.33208954334259033
12,6144,4,5,3840,4608,768,0.30781301856040955
12,6144,4,6,4608,5376,768,0.3820211589336395
12,6144,4,7,5376,6144,768,0.3802759349346161
12,6144,5,0,0,768,768,0.9206221103668213
12,6144,5,1,768,1536,768,0.9161940813064575
12,6144,5,2,1536,2304,768,0.9147720336914062
12,6144,5,3,2304,3072,768,0.9137632846832275
12,6144,5,4,3072,3840,768,0.9114364981651306
12,6144,5,5,3840,4608,768,0.918122410774231
12,6144,5,6,4608,5376,768,0.9135409593582153
12,6144,5,7,5376,6144,768,0.9133014678955078
12,6144,6,0,0,768,768,0.2781931459903717
12,6144,6,1,768,1536,768,0.2574087679386139
12,6144,6,2,1536,2304,768,0.2469228059053421
12,6144,6,3,2304,3072,768,0.2313520610332489
12,6144,6,4,3072,3840,768,0.2108698934316635
12,6144,6,5,3840,4608,768,0.2467246651649475
12,6144,6,6,4608,5376,768,0.24049928784370422
12,6144,6,7,5376,6144,768,0.23523670434951782
12,6144,7,0,0,768,768,0.349042683839798
12,6144,7,1,768,1536,768,0.2893960773944855
12,6144,7,2,1536,2304,768,0.28171709179878235
12,6144,7,3,2304,3072,768,0.28427886962890625
12,6144,7,4,3072,3840,768,0.2830929160118103
12,6144,7,5,3840,4608,768,0.2618526816368103
12,6144,7,6,4608,5376,768,0.24484401941299438
12,6144,7,7,5376,6144,768,0.24444621801376343
12,6144,8,0,0,768,768,1.0
12,6144,8,1,768,1536,768,1.0
12,6144,8,2,1536,2304,768,1.0
12,6144,8,3,2304,3072,768,1.0
12,6144,8,4,3072,3840,768,1.0
12,6144,8,5,3840,4608,768,1.0
12,6144,8,6,4608,5376,768,1.0
12,6144,8,7,5376,6144,768,1.0
12,6144,9,0,0,768,768,0.8152711391448975
12,6144,9,1,768,1536,768,0.7895084023475647
12,6144,9,2,1536,2304,768,0.76169753074646
12,6144,9,3,2304,3072,768,0.7140477299690247
12,6144,9,4,3072,3840,768,0.722116231918335
12,6144,9,5,3840,4608,768,0.76521235704422
12,6144,9,6,4608,5376,768,0.7633637189865112
12,6144,9,7,5376,6144,768,0.7338409423828125
12,6144,10,0,0,768,768,0.2673407793045044
12,6144,10,1,768,1536,768,0.22270499169826508
12,6144,10,2,1536,2304,768,0.21320703625679016
12,6144,10,3,2304,3072,768,0.20540428161621094
12,6144,10,4,3072,3840,768,0.1654629111289978
12,6144,10,5,3840,4608,768,0.1648409068584442
12,6144,10,6,4608,5376,768,0.1747031807899475
12,6144,10,7,5376,6144,768,0.17653019726276398
12,6144,11,0,0,768,768,1.0
12,6144,11,1,768,1536,768,1.0
12,6144,11,2,1536,2304,768,1.0
12,6144,11,3,2304,3072,768,1.0
12,6144,11,4,3072,3840,768,1.0
12,6144,11,5,3840,4608,768,1.0
12,6144,11,6,4608,5376,768,1.0
12,6144,11,7,5376,6144,768,1.0
12,8192,0,0,0,1024,1024,1.0
12,8192,0,1,1024,2048,1024,1.0
12,8192,0,2,2048,3072,1024,1.0
12,8192,0,3,3072,4096,1024,1.0
12,8192,0,4,4096,5120,1024,1.0
12,8192,0,5,5120,6144,1024,1.0
12,8192,0,6,6144,7168,1024,1.0
12,8192,0,7,7168,8192,1024,1.0
12,8192,1,0,0,1024,1024,0.23402917385101318
12,8192,1,1,1024,2048,1024,0.20841503143310547
12,8192,1,2,2048,3072,1024,0.1989295482635498
12,8192,1,3,3072,4096,1024,0.16842830181121826
12,8192,1,4,4096,5120,1024,0.1778932809829712
12,8192,1,5,5120,6144,1024,0.17072510719299316
12,8192,1,6,6144,7168,1024,0.15558815002441406
12,8192,1,7,7168,8192,1024,0.16920506954193115
12,8192,2,0,0,1024,1024,0.18205177783966064
12,8192,2,1,1024,2048,1024,0.17917513847351074
12,8192,2,2,2048,3072,1024,0.16543304920196533
12,8192,2,3,3072,4096,1024,0.1641860008239746
12,8192,2,4,4096,5120,1024,0.17093217372894287
12,8192,2,5,5120,6144,1024,0.18165874481201172
12,8192,2,6,6144,7168,1024,0.15977990627288818
12,8192,2,7,7168,8192,1024,0.16464591026306152
12,8192,3,0,0,1024,1024,0.13188564777374268
12,8192,3,1,1024,2048,1024,0.09649419784545898
12,8192,3,2,2048,3072,1024,0.10964441299438477
12,8192,3,3,3072,4096,1024,0.16257786750793457
12,8192,3,4,4096,5120,1024,0.10471165180206299
12,8192,3,5,5120,6144,1024,0.10103607177734375
12,8192,3,6,6144,7168,1024,0.13620495796203613
12,8192,3,7,7168,8192,1024,0.14414727687835693
12,8192,4,0,0,1024,1024,0.4577399492263794
12,8192,4,1,1024,2048,1024,0.3975794315338135
12,8192,4,2,2048,3072,1024,0.3937492370605469
12,8192,4,3,3072,4096,1024,0.30431103706359863
12,8192,4,4,4096,5120,1024,0.32004714012145996
12,8192,4,5,5120,6144,1024,0.35617899894714355
12,8192,4,6,6144,7168,1024,0.32534849643707275
12,8192,4,7,7168,8192,1024,0.2775454521179199
12,8192,5,0,0,1024,1024,0.8456083536148071
12,8192,5,1,1024,2048,1024,0.825619101524353
12,8192,5,2,2048,3072,1024,0.8284609317779541
12,8192,5,3,3072,4096,1024,0.8300248384475708
12,8192,5,4,4096,5120,1024,0.8474552631378174
12,8192,5,5,5120,6144,1024,0.8351774215698242
12,8192,5,6,6144,7168,1024,0.8199402093887329
12,8192,5,7,7168,8192,1024,0.8614201545715332
12,8192,6,0,0,1024,1024,0.2435779571533203
12,8192,6,1,1024,2048,1024,0.21347665786743164
12,8192,6,2,2048,3072,1024,0.19243323802947998
12,8192,6,3,3072,4096,1024,0.18611598014831543
12,8192,6,4,4096,5120,1024,0.20700836181640625
12,8192,6,5,5120,6144,1024,0.19470155239105225
12,8192,6,6,6144,7168,1024,0.16412138938903809
12,8192,6,7,7168,8192,1024,0.20741939544677734
12,8192,7,0,0,1024,1024,0.2824409008026123
12,8192,7,1,1024,2048,1024,0.23149681091308594
12,8192,7,2,2048,3072,1024,0.21904659271240234
12,8192,7,3,3072,4096,1024,0.22406601905822754
12,8192,7,4,4096,5120,1024,0.21016812324523926
12,8192,7,5,5120,6144,1024,0.19331514835357666
12,8192,7,6,6144,7168,1024,0.20002102851867676
12,8192,7,7,7168,8192,1024,0.2216852903366089
12,8192,8,0,0,1024,1024,0.9567654132843018
12,8192,8,1,1024,2048,1024,0.9540376663208008
12,8192,8,2,2048,3072,1024,0.9540526866912842
12,8192,8,3,3072,4096,1024,0.9586606025695801
12,8192,8,4,4096,5120,1024,0.9598444700241089
12,8192,8,5,5120,6144,1024,0.9543932676315308
12,8192,8,6,6144,7168,1024,0.9552143812179565
12,8192,8,7,7168,8192,1024,0.9650344848632812
12,8192,9,0,0,1024,1024,0.6026973724365234
12,8192,9,1,1024,2048,1024,0.5683737993240356
12,8192,9,2,2048,3072,1024,0.4900315999984741
12,8192,9,3,3072,4096,1024,0.4588509798049927
12,8192,9,4,4096,5120,1024,0.4896906614303589
12,8192,9,5,5120,6144,1024,0.4932084083557129
12,8192,9,6,6144,7168,1024,0.43201255798339844
12,8192,9,7,7168,8192,1024,0.4744284152984619
12,8192,10,0,0,1024,1024,0.24457180500030518
12,8192,10,1,1024,2048,1024,0.18824589252471924
12,8192,10,2,2048,3072,1024,0.16408181190490723
12,8192,10,3,3072,4096,1024,0.14264380931854248
12,8192,10,4,4096,5120,1024,0.14491772651672363
12,8192,10,5,5120,6144,1024,0.14163196086883545
12,8192,10,6,6144,7168,1024,0.13780546188354492
12,8192,10,7,7168,8192,1024,0.1375793218612671
12,8192,11,0,0,1024,1024,1.0
12,8192,11,1,1024,2048,1024,1.0
12,8192,11,2,2048,3072,1024,1.0
12,8192,11,3,3072,4096,1024,1.0
12,8192,11,4,4096,5120,1024,1.0
12,8192,11,5,5120,6144,1024,1.0
12,8192,11,6,6144,7168,1024,1.0
12,8192,11,7,7168,8192,1024,1.0
12,12288,0,0,0,1536,1536,0.8342798352241516
12,12288,0,1,1536,3072,1536,0.8304990530014038
12,12288,0,2,3072,4608,1536,0.8370148539543152
12,12288,0,3,4608,6144,1536,0.8277503252029419
12,12288,0,4,6144,7680,1536,0.7891998887062073
12,12288,0,5,7680,9216,1536,0.7339093089103699
12,12288,0,6,9216,10752,1536,0.7637487053871155
12,12288,0,7,10752,12288,1536,0.7148241996765137
12,12288,1,0,0,1536,1536,0.20321252942085266
12,12288,1,1,1536,3072,1536,0.20226138830184937
12,12288,1,2,3072,4608,1536,0.15340709686279297
12,12288,1,3,4608,6144,1536,0.15617656707763672
12,12288,1,4,6144,7680,1536,0.14285214245319366
12,12288,1,5,7680,9216,1536,0.14681805670261383
12,12288,1,6,9216,10752,1536,0.13692420721054077
12,12288,1,7,10752,12288,1536,0.14751312136650085
12,12288,2,0,0,1536,1536,0.17146147787570953
12,12288,2,1,1536,3072,1536,0.15021668374538422
12,12288,2,2,3072,4608,1536,0.15186622738838196
12,12288,2,3,4608,6144,1536,0.15561093389987946
12,12288,2,4,6144,7680,1536,0.1427038013935089
12,12288,2,5,7680,9216,1536,0.155034601688385
12,12288,2,6,9216,10752,1536,0.14779414236545563
12,12288,2,7,10752,12288,1536,0.14619509875774384
12,12288,3,0,0,1536,1536,0.1380496621131897
12,12288,3,1,1536,3072,1536,0.11943928152322769
12,12288,3,2,3072,4608,1536,0.14949671924114227
12,12288,3,3,4608,6144,1536,0.1040501594543457
12,12288,3,4,6144,7680,1536,0.1399850845336914
12,12288,3,5,7680,9216,1536,0.11059527844190598
12,12288,3,6,9216,10752,1536,0.1136508509516716
12,12288,3,7,10752,12288,1536,0.1310458779335022
12,12288,4,0,0,1536,1536,0.4200776517391205
12,12288,4,1,1536,3072,1536,0.384128212928772
12,12288,4,2,3072,4608,1536,0.29011809825897217
12,12288,4,3,4608,6144,1536,0.32898733019828796
12,12288,4,4,6144,7680,1536,0.28984054923057556
12,12288,4,5,7680,9216,1536,0.29501792788505554
12,12288,4,6,9216,10752,1536,0.3090358376502991
12,12288,4,7,10752,12288,1536,0.2637210488319397
12,12288,5,0,0,1536,1536,0.7837709784507751
12,12288,5,1,1536,3072,1536,0.7736987471580505
12,12288,5,2,3072,4608,1536,0.7815672159194946
12,12288,5,3,4608,6144,1536,0.812151312828064
12,12288,5,4,6144,7680,1536,0.7898982763290405
12,12288,5,5,7680,9216,1536,0.8208655714988708
12,12288,5,6,9216,10752,1536,0.7987364530563354
12,12288,5,7,10752,12288,1536,0.8277302384376526
12,12288,6,0,0,1536,1536,0.19547875225543976
12,12288,6,1,1536,3072,1536,0.1691661924123764
12,12288,6,2,3072,4608,1536,0.16007021069526672
12,12288,6,3,4608,6144,1536,0.16358450055122375
12,12288,6,4,6144,7680,1536,0.14828936755657196
12,12288,6,5,7680,9216,1536,0.16343174874782562
12,12288,6,6,9216,10752,1536,0.1416771113872528
12,12288,6,7,10752,12288,1536,0.16574726998806
12,12288,7,0,0,1536,1536,0.225155770778656
12,12288,7,1,1536,3072,1536,0.19049443304538727
12,12288,7,2,3072,4608,1536,0.18369705975055695
12,12288,7,3,4608,6144,1536,0.1622241884469986
12,12288,7,4,6144,7680,1536,0.1688465029001236
12,12288,7,5,7680,9216,1536,0.16740258038043976
12,12288,7,6,9216,10752,1536,0.15947198867797852
12,12288,7,7,10752,12288,1536,0.1715015321969986
12,12288,8,0,0,1536,1536,0.765547513961792
12,12288,8,1,1536,3072,1536,0.7572720646858215
12,12288,8,2,3072,4608,1536,0.7618505954742432
12,12288,8,3,4608,6144,1536,0.7543845772743225
12,12288,8,4,6144,7680,1536,0.7522145509719849
12,12288,8,5,7680,9216,1536,0.7457072138786316
12,12288,8,6,9216,10752,1536,0.7447746992111206
12,12288,8,7,10752,12288,1536,0.7437672019004822
12,12288,9,0,0,1536,1536,0.43368375301361084
12,12288,9,1,1536,3072,1536,0.34429502487182617
12,12288,9,2,3072,4608,1536,0.3106493353843689
12,12288,9,3,4608,6144,1536,0.2932908236980438
12,12288,9,4,6144,7680,1536,0.27998843789100647
12,12288,9,5,7680,9216,1536,0.30166563391685486
12,12288,9,6,9216,10752,1536,0.2643931806087494
12,12288,9,7,10752,12288,1536,0.3164914548397064
12,12288,10,0,0,1536,1536,0.23940075933933258
12,12288,10,1,1536,3072,1536,0.19726525247097015
12,12288,10,2,3072,4608,1536,0.16034084558486938
12,12288,10,3,4608,6144,1536,0.12370983511209488
12,12288,10,4,6144,7680,1536,0.12522989511489868
12,12288,10,5,7680,9216,1536,0.11818112432956696
12,12288,10,6,9216,10752,1536,0.11532073467969894
12,12288,10,7,10752,12288,1536,0.11678171157836914
12,12288,11,0,0,1536,1536,0.9593232274055481
12,12288,11,1,1536,3072,1536,0.9585463404655457
12,12288,11,2,3072,4608,1536,0.9636052250862122
12,12288,11,3,4608,6144,1536,0.9610140919685364
12,12288,11,4,6144,7680,1536,0.9581300020217896
12,12288,11,5,7680,9216,1536,0.9415493011474609
12,12288,11,6,9216,10752,1536,0.9435577392578125
12,12288,11,7,10752,12288,1536,0.9417340755462646
12,16384,0,0,0,2048,2048,0.6644880771636963
12,16384,0,1,2048,4096,2048,0.6602311730384827
12,16384,0,2,4096,6144,2048,0.6651544570922852
12,16384,0,3,6144,8192,2048,0.6319129467010498
12,16384,0,4,8192,10240,2048,0.5997021794319153
12,16384,0,5,10240,12288,2048,0.5751590728759766
12,16384,0,6,12288,14336,2048,0.5712228417396545
12,16384,0,7,14336,16384,2048,0.5489354133605957
12,16384,1,0,0,2048,2048,0.2024083435535431
12,16384,1,1,2048,4096,2048,0.1706565022468567
12,16384,1,2,4096,6144,2048,0.14757731556892395
12,16384,1,3,6144,8192,2048,0.13515028357505798
12,16384,1,4,8192,10240,2048,0.13033676147460938
12,16384,1,5,10240,12288,2048,0.13308855891227722
12,16384,1,6,12288,14336,2048,0.12631526589393616
12,16384,1,7,14336,16384,2048,0.1333901584148407
12,16384,2,0,0,2048,2048,0.16470491886138916
12,16384,2,1,2048,4096,2048,0.14221462607383728
12,16384,2,2,4096,6144,2048,0.14190667867660522
12,16384,2,3,6144,8192,2048,0.13627862930297852
12,16384,2,4,8192,10240,2048,0.14100486040115356
12,16384,2,5,10240,12288,2048,0.13584065437316895
12,16384,2,6,12288,14336,2048,0.13534054160118103
12,16384,2,7,14336,16384,2048,0.1399064064025879
12,16384,3,0,0,2048,2048,0.13504761457443237
12,16384,3,1,2048,4096,2048,0.14082473516464233
12,16384,3,2,4096,6144,2048,0.1160576343536377
12,16384,3,3,6144,8192,2048,0.13828769326210022
12,16384,3,4,8192,10240,2048,0.10443183779716492
12,16384,3,5,10240,12288,2048,0.13032346963882446
12,16384,3,6,12288,14336,2048,0.10678580403327942
12,16384,3,7,14336,16384,2048,0.1292075216770172
12,16384,4,0,0,2048,2048,0.3894042372703552
12,16384,4,1,2048,4096,2048,0.3309616148471832
12,16384,4,2,4096,6144,2048,0.29038962721824646
12,16384,4,3,6144,8192,2048,0.2764624357223511
12,16384,4,4,8192,10240,2048,0.2937823235988617
12,16384,4,5,10240,12288,2048,0.2563703954219818
12,16384,4,6,12288,14336,2048,0.30105283856391907
12,16384,4,7,14336,16384,2048,0.25374385714530945
12,16384,5,0,0,2048,2048,0.7634319067001343
12,16384,5,1,2048,4096,2048,0.7512845993041992
12,16384,5,2,4096,6144,2048,0.791078507900238
12,16384,5,3,6144,8192,2048,0.7800712585449219
12,16384,5,4,8192,10240,2048,0.8069820404052734
12,16384,5,5,10240,12288,2048,0.8016048669815063
12,16384,5,6,12288,14336,2048,0.7999998331069946
12,16384,5,7,14336,16384,2048,0.814091682434082
12,16384,6,0,0,2048,2048,0.1741812825202942
12,16384,6,1,2048,4096,2048,0.1471526324748993
12,16384,6,2,4096,6144,2048,0.14971622824668884
12,16384,6,3,6144,8192,2048,0.13952386379241943
12,16384,6,4,8192,10240,2048,0.14288979768753052
12,16384,6,5,10240,12288,2048,0.13797491788864136
12,16384,6,6,12288,14336,2048,0.1345495581626892
12,16384,6,7,14336,16384,2048,0.14594244956970215
12,16384,7,0,0,2048,2048,0.19520443677902222
12,16384,7,1,2048,4096,2048,0.16986215114593506
12,16384,7,2,4096,6144,2048,0.14848515391349792
12,16384,7,3,6144,8192,2048,0.15026897192001343
12,16384,7,4,8192,10240,2048,0.14469125866889954
12,16384,7,5,10240,12288,2048,0.14590421319007874
12,16384,7,6,12288,14336,2048,0.1415768563747406
12,16384,7,7,14336,16384,2048,0.15094441175460815
12,16384,8,0,0,2048,2048,0.6363382339477539
12,16384,8,1,2048,4096,2048,0.6309002637863159
12,16384,8,2,4096,6144,2048,0.6378499269485474
12,16384,8,3,6144,8192,2048,0.6302703619003296
12,16384,8,4,8192,10240,2048,0.6268326044082642
12,16384,8,5,10240,12288,2048,0.6131409406661987
12,16384,8,6,12288,14336,2048,0.6162688136100769
12,16384,8,7,14336,16384,2048,0.5986709594726562
12,16384,9,0,0,2048,2048,0.3973603844642639
12,16384,9,1,2048,4096,2048,0.2939614951610565
12,16384,9,2,4096,6144,2048,0.2649328112602234
12,16384,9,3,6144,8192,2048,0.2504459023475647
12,16384,9,4,8192,10240,2048,0.24272304773330688
12,16384,9,5,10240,12288,2048,0.25231218338012695
12,16384,9,6,12288,14336,2048,0.23103290796279907
12,16384,9,7,14336,16384,2048,0.26797208189964294
12,16384,10,0,0,2048,2048,0.23025304079055786
12,16384,10,1,2048,4096,2048,0.18892928957939148
12,16384,10,2,4096,6144,2048,0.13033834099769592
12,16384,10,3,6144,8192,2048,0.12332192063331604
12,16384,10,4,8192,10240,2048,0.11393705010414124
12,16384,10,5,10240,12288,2048,0.11196485161781311
12,16384,10,6,12288,14336,2048,0.11065062880516052
12,16384,10,7,14336,16384,2048,0.11562979221343994
12,16384,11,0,0,2048,2048,0.7286571264266968
12,16384,11,1,2048,4096,2048,0.7256017923355103
12,16384,11,2,4096,6144,2048,0.7235972285270691
12,16384,11,3,6144,8192,2048,0.7050573825836182
12,16384,11,4,8192,10240,2048,0.6864364743232727
12,16384,11,5,10240,12288,2048,0.6474637389183044
12,16384,11,6,12288,14336,2048,0.6356034278869629
12,16384,11,7,14336,16384,2048,0.6208324432373047
12,24576,0,0,0,3072,3072,0.4470839500427246
12,24576,0,1,3072,6144,3072,0.4554751217365265
12,24576,0,2,6144,9216,3072,0.44568151235580444
12,24576,0,3,9216,12288,3072,0.43968427181243896
12,24576,0,4,12288,15360,3072,0.4260425567626953
12,24576,0,5,15360,18432,3072,0.4176378846168518
12,24576,0,6,18432,21504,3072,0.41037410497665405
12,24576,0,7,21504,24576,3072,0.4133860170841217
12,24576,1,0,0,3072,3072,0.19876648485660553
12,24576,1,1,3072,6144,3072,0.14271117746829987
12,24576,1,2,6144,9216,3072,0.12768298387527466
12,24576,1,3,9216,12288,3072,0.12271030992269516
12,24576,1,4,12288,15360,3072,0.1210261732339859
12,24576,1,5,15360,18432,3072,0.12132777273654938
12,24576,1,6,18432,21504,3072,0.12311974912881851
12,24576,1,7,21504,24576,3072,0.12494145333766937
12,24576,2,0,0,3072,3072,0.1608666330575943
12,24576,2,1,3072,6144,3072,0.14010030031204224
12,24576,2,2,6144,9216,3072,0.13639827072620392
12,24576,2,3,9216,12288,3072,0.13473935425281525
12,24576,2,4,12288,15360,3072,0.13188283145427704
12,24576,2,5,15360,18432,3072,0.14056573808193207
12,24576,2,6,18432,21504,3072,0.16195589303970337
12,24576,2,7,21504,24576,3072,0.13700821995735168
12,24576,3,0,0,3072,3072,0.12298297882080078
12,24576,3,1,3072,6144,3072,0.1362224668264389
12,24576,3,2,6144,9216,3072,0.13209190964698792
12,24576,3,3,9216,12288,3072,0.12062382698059082
12,24576,3,4,12288,15360,3072,0.12144596129655838
12,24576,3,5,15360,18432,3072,0.12175998091697693
12,24576,3,6,18432,21504,3072,0.10630745440721512
12,24576,3,7,21504,24576,3072,0.12300965189933777
12,24576,4,0,0,3072,3072,0.36315008997917175
12,24576,4,1,3072,6144,3072,0.2732242941856384
12,24576,4,2,6144,9216,3072,0.24967993795871735
12,24576,4,3,9216,12288,3072,0.2413310408592224
12,24576,4,4,12288,15360,3072,0.247661754488945
12,24576,4,5,15360,18432,3072,0.2466617226600647
12,24576,4,6,18432,21504,3072,0.24220824241638184
12,24576,4,7,21504,24576,3072,0.25237858295440674
12,24576,5,0,0,3072,3072,0.7458238005638123
12,24576,5,1,3072,6144,3072,0.7500911355018616
12,24576,5,2,6144,9216,3072,0.7632884979248047
12,24576,5,3,9216,12288,3072,0.7791273593902588
12,24576,5,4,12288,15360,3072,0.7816820740699768
12,24576,5,5,15360,18432,3072,0.7781184315681458
12,24576,5,6,18432,21504,3072,0.7805140018463135
12,24576,5,7,21504,24576,3072,0.7935371994972229
12,24576,6,0,0,3072,3072,0.14987154304981232
12,24576,6,1,3072,6144,3072,0.13044826686382294
12,24576,6,2,6144,9216,3072,0.12680579721927643
12,24576,6,3,9216,12288,3072,0.12564057111740112
12,24576,6,4,12288,15360,3072,0.12662112712860107
12,24576,6,5,15360,18432,3072,0.12484480440616608
12,24576,6,6,18432,21504,3072,0.12513737380504608
12,24576,6,7,21504,24576,3072,0.13188695907592773
12,24576,7,0,0,3072,3072,0.1575603187084198
12,24576,7,1,3072,6144,3072,0.1314847320318222
12,24576,7,2,6144,9216,3072,0.12718400359153748
12,24576,7,3,9216,12288,3072,0.12603633105754852
12,24576,7,4,12288,15360,3072,0.12717318534851074
12,24576,7,5,15360,18432,3072,0.12734520435333252
12,24576,7,6,18432,21504,3072,0.1250147968530655
12,24576,7,7,21504,24576,3072,0.12955503165721893
12,24576,8,0,0,3072,3072,0.42565155029296875
12,24576,8,1,3072,6144,3072,0.4369584619998932
12,24576,8,2,6144,9216,3072,0.44404879212379456
12,24576,8,3,9216,12288,3072,0.4443248510360718
12,24576,8,4,12288,15360,3072,0.43470701575279236
12,24576,8,5,15360,18432,3072,0.4284090995788574
12,24576,8,6,18432,21504,3072,0.42244771122932434
12,24576,8,7,21504,24576,3072,0.4196416139602661
12,24576,9,0,0,3072,3072,0.30788081884384155
12,24576,9,1,3072,6144,3072,0.24024255573749542
12,24576,9,2,6144,9216,3072,0.2186376303434372
12,24576,9,3,9216,12288,3072,0.20921681821346283
12,24576,9,4,12288,15360,3072,0.20865240693092346
12,24576,9,5,15360,18432,3072,0.20735707879066467
12,24576,9,6,18432,21504,3072,0.20898225903511047
12,24576,9,7,21504,24576,3072,0.22576840221881866
12,24576,10,0,0,3072,3072,0.18908292055130005
12,24576,10,1,3072,6144,3072,0.1365489363670349
12,24576,10,2,6144,9216,3072,0.1227688416838646
12,24576,10,3,9216,12288,3072,0.11324828118085861
12,24576,10,4,12288,15360,3072,0.1137358769774437
12,24576,10,5,15360,18432,3072,0.11359816044569016
12,24576,10,6,18432,21504,3072,0.11373277753591537
12,24576,10,7,21504,24576,3072,0.11849118769168854
12,24576,11,0,0,3072,3072,0.5135360360145569
12,24576,11,1,3072,6144,3072,0.5048021674156189
12,24576,11,2,6144,9216,3072,0.47320181131362915
12,24576,11,3,9216,12288,3072,0.44747939705848694
12,24576,11,4,12288,15360,3072,0.43408119678497314
12,24576,11,5,15360,18432,3072,0.4378114342689514
12,24576,11,6,18432,21504,3072,0.4661106467247009
12,24576,11,7,21504,24576,3072,0.49546241760253906
12,32768,0,0,0,4096,4096,0.3594038486480713
12,32768,0,1,4096,8192,4096,0.3495129346847534
12,32768,0,2,8192,12288,4096,0.3438219130039215
12,32768,0,3,12288,16384,4096,0.34292498230934143
12,32768,0,4,16384,20480,4096,0.34205958247184753
12,32768,0,5,20480,24576,4096,0.34179747104644775
12,32768,0,6,24576,28672,4096,0.33392608165740967
12,32768,0,7,28672,32768,4096,0.33175066113471985
12,32768,1,0,0,4096,4096,0.181364506483078
12,32768,1,1,4096,8192,4096,0.132586270570755
12,32768,1,2,8192,12288,4096,0.12058408558368683
12,32768,1,3,12288,16384,4096,0.11912074685096741
12,32768,1,4,16384,20480,4096,0.11991732567548752
12,32768,1,5,20480,24576,4096,0.12240679562091827
12,32768,1,6,24576,28672,4096,0.12117046862840652
12,32768,1,7,28672,32768,4096,0.12249204516410828
12,32768,2,0,0,4096,4096,0.16085940599441528
12,32768,2,1,4096,8192,4096,0.1311739832162857
12,32768,2,2,8192,12288,4096,0.12830957770347595
12,32768,2,3,12288,16384,4096,0.12640923261642456
12,32768,2,4,16384,20480,4096,0.13624203205108643
12,32768,2,5,20480,24576,4096,0.1475190669298172
12,32768,2,6,24576,28672,4096,0.1284170150756836
12,32768,2,7,28672,32768,4096,0.1288936585187912
12,32768,3,0,0,4096,4096,0.1259303092956543
12,32768,3,1,4096,8192,4096,0.13413259387016296
12,32768,3,2,8192,12288,4096,0.11708731949329376
12,32768,3,3,12288,16384,4096,0.11825411766767502
12,32768,3,4,16384,20480,4096,0.11809054762125015
12,32768,3,5,20480,24576,4096,0.11872104555368423
12,32768,3,6,24576,28672,4096,0.11592455953359604
12,32768,3,7,28672,32768,4096,0.12739984691143036
12,32768,4,0,0,4096,4096,0.3430248498916626
12,32768,4,1,4096,8192,4096,0.25271669030189514
12,32768,4,2,8192,12288,4096,0.24051690101623535
12,32768,4,3,12288,16384,4096,0.24467343091964722
12,32768,4,4,16384,20480,4096,0.2383039891719818
12,32768,4,5,20480,24576,4096,0.24422475695610046
12,32768,4,6,24576,28672,4096,0.24318784475326538
12,32768,4,7,28672,32768,4096,0.24303801357746124
12,32768,5,0,0,4096,4096,0.713111162185669
12,32768,5,1,4096,8192,4096,0.7377407550811768
12,32768,5,2,8192,12288,4096,0.7610806226730347
12,32768,5,3,12288,16384,4096,0.7651197910308838
12,32768,5,4,16384,20480,4096,0.7626236081123352
12,32768,5,5,20480,24576,4096,0.7651958465576172
12,32768,5,6,24576,28672,4096,0.7534961104393005
12,32768,5,7,28672,32768,4096,0.7652129530906677
12,32768,6,0,0,4096,4096,0.13778668642044067
12,32768,6,1,4096,8192,4096,0.1242457926273346
12,32768,6,2,8192,12288,4096,0.12119722366333008
12,32768,6,3,12288,16384,4096,0.12131704390048981
12,32768,6,4,16384,20480,4096,0.12202506512403488
12,32768,6,5,20480,24576,4096,0.12215609103441238
12,32768,6,6,24576,28672,4096,0.1183985024690628
12,32768,6,7,28672,32768,4096,0.12088262289762497
12,32768,7,0,0,4096,4096,0.13755711913108826
12,32768,7,1,4096,8192,4096,0.11825434118509293
12,32768,7,2,8192,12288,4096,0.11589699983596802
12,32768,7,3,12288,16384,4096,0.11660575121641159
12,32768,7,4,16384,20480,4096,0.11852540820837021
12,32768,7,5,20480,24576,4096,0.11827068030834198
12,32768,7,6,24576,28672,4096,0.11690139025449753
12,32768,7,7,28672,32768,4096,0.11932303756475449
12,32768,8,0,0,4096,4096,0.33788931369781494
12,32768,8,1,4096,8192,4096,0.33935052156448364
12,32768,8,2,8192,12288,4096,0.3385257422924042
12,32768,8,3,12288,16384,4096,0.3338319659233093
12,32768,8,4,16384,20480,4096,0.3301035463809967
12,32768,8,5,20480,24576,4096,0.326352596282959
12,32768,8,6,24576,28672,4096,0.3189764618873596
12,32768,8,7,28672,32768,4096,0.3156391382217407
12,32768,9,0,0,4096,4096,0.2340506613254547
12,32768,9,1,4096,8192,4096,0.19595995545387268
12,32768,9,2,8192,12288,4096,0.1848353147506714
12,32768,9,3,12288,16384,4096,0.18376407027244568
12,32768,9,4,16384,20480,4096,0.18289422988891602
12,32768,9,5,20480,24576,4096,0.1815773993730545
12,32768,9,6,24576,28672,4096,0.18142491579055786
12,32768,9,7,28672,32768,4096,0.18428203463554382
12,32768,10,0,0,4096,4096,0.160424143075943
12,32768,10,1,4096,8192,4096,0.1280195713043213
12,32768,10,2,8192,12288,4096,0.11456267535686493
12,32768,10,3,12288,16384,4096,0.11479410529136658
12,32768,10,4,16384,20480,4096,0.11513154953718185
12,32768,10,5,20480,24576,4096,0.1156349778175354
12,32768,10,6,24576,28672,4096,0.11530371010303497
12,32768,10,7,28672,32768,4096,0.1164192333817482
12,32768,11,0,0,4096,4096,0.39703601598739624
12,32768,11,1,4096,8192,4096,0.3658251166343689
12,32768,11,2,8192,12288,4096,0.3379571735858917
12,32768,11,3,12288,16384,4096,0.3271828293800354
12,32768,11,4,16384,20480,4096,0.34912562370300293
12,32768,11,5,20480,24576,4096,0.3746371865272522
12,32768,11,6,24576,28672,4096,0.3801639676094055
12,32768,11,7,28672,32768,4096,0.3440419137477875
12,111600,0,0,0,13950,13950,0.14490970969200134
12,111600,0,1,13950,27900,13950,0.22021512687206268
12,111600,0,2,27900,41850,13950,0.22403651475906372
12,111600,0,3,41850,55800,13950,0.22090165317058563
12,111600,0,4,55800,69750,13950,0.22262629866600037
12,111600,0,5,69750,83700,13950,0.22999507188796997
12,111600,0,6,83700,97650,13950,0.23614880442619324
12,111600,0,7,97650,111600,13950,0.2275797575712204
12,111600,1,0,0,13950,13950,0.14025314152240753
12,111600,1,1,13950,27900,13950,0.11479496210813522
12,111600,1,2,27900,41850,13950,0.1155378669500351
12,111600,1,3,41850,55800,13950,0.11599960178136826
12,111600,1,4,55800,69750,13950,0.11492086201906204
12,111600,1,5,69750,83700,13950,0.11453916132450104
12,111600,1,6,83700,97650,13950,0.11530403047800064
12,111600,1,7,97650,111600,13950,0.11433928459882736
12,111600,2,0,0,13950,13950,0.13963033258914948
12,111600,2,1,13950,27900,13950,0.13484545052051544
12,111600,2,2,27900,41850,13950,0.13567841053009033
12,111600,2,3,41850,55800,13950,0.13169170916080475
12,111600,2,4,55800,69750,13950,0.13610026240348816
12,111600,2,5,69750,83700,13950,0.13833977282047272
12,111600,2,6,83700,97650,13950,0.13231594860553741
12,111600,2,7,97650,111600,13950,0.13325592875480652
12,111600,3,0,0,13950,13950,0.11813219636678696
12,111600,3,1,13950,27900,13950,0.12073668092489243
12,111600,3,2,27900,41850,13950,0.12040495127439499
12,111600,3,3,41850,55800,13950,0.11864712834358215
12,111600,3,4,55800,69750,13950,0.1181647852063179
12,111600,3,5,69750,83700,13950,0.1190856471657753
12,111600,3,6,83700,97650,13950,0.11813805252313614
12,111600,3,7,97650,111600,13950,0.11825632303953171
12,111600,4,0,0,13950,13950,0.26394209265708923
12,111600,4,1,13950,27900,13950,0.21062761545181274
12,111600,4,2,27900,41850,13950,0.21303445100784302
12,111600,4,3,41850,55800,13950,0.21477772295475006
12,111600,4,4,55800,69750,13950,0.21306240558624268
12,111600,4,5,69750,83700,13950,0.21063464879989624
12,111600,4,6,83700,97650,13950,0.21368493139743805
12,111600,4,7,97650,111600,13950,0.2122347354888916
12,111600,5,0,0,13950,13950,0.7384732365608215
12,111600,5,1,13950,27900,13950,0.7246695756912231
12,111600,5,2,27900,41850,13950,0.717296302318573
12,111600,5,3,41850,55800,13950,0.7179490923881531
12,111600,5,4,55800,69750,13950,0.7136118412017822
12,111600,5,5,69750,83700,13950,0.7122237682342529
12,111600,5,6,83700,97650,13950,0.7136903405189514
12,111600,5,7,97650,111600,13950,0.7225949764251709
12,111600,6,0,0,13950,13950,0.12918375432491302
12,111600,6,1,13950,27900,13950,0.11481785774230957
12,111600,6,2,27900,41850,13950,0.1143820509314537
12,111600,6,3,41850,55800,13950,0.11420778185129166
12,111600,6,4,55800,69750,13950,0.11515479534864426
12,111600,6,5,69750,83700,13950,0.1158239021897316
12,111600,6,6,83700,97650,13950,0.11452425271272659
12,111600,6,7,97650,111600,13950,0.11503258347511292
12,111600,7,0,0,13950,13950,0.10563862323760986
12,111600,7,1,13950,27900,13950,0.10919946432113647
12,111600,7,2,27900,41850,13950,0.10994455963373184
12,111600,7,3,41850,55800,13950,0.10905376076698303
12,111600,7,4,55800,69750,13950,0.10914897918701172
12,111600,7,5,69750,83700,13950,0.10997498035430908
12,111600,7,6,83700,97650,13950,0.1094389259815216
12,111600,7,7,97650,111600,13950,0.10846966505050659
12,111600,8,0,0,13950,13950,0.10713063180446625
12,111600,8,1,13950,27900,13950,0.1058097556233406
12,111600,8,2,27900,41850,13950,0.10473495721817017
12,111600,8,3,41850,55800,13950,0.10459429770708084
12,111600,8,4,55800,69750,13950,0.10599669069051743
12,111600,8,5,69750,83700,13950,0.10659195482730865
12,111600,8,6,83700,97650,13950,0.1060071736574173
12,111600,8,7,97650,111600,13950,0.1047770082950592
12,111600,9,0,0,13950,13950,0.10471399873495102
12,111600,9,1,13950,27900,13950,0.10826950520277023
12,111600,9,2,27900,41850,13950,0.10829516500234604
12,111600,9,3,41850,55800,13950,0.1055978536605835
12,111600,9,4,55800,69750,13950,0.10684250295162201
12,111600,9,5,69750,83700,13950,0.10876064747571945
12,111600,9,6,83700,97650,13950,0.1099090501666069
12,111600,9,7,97650,111600,13950,0.1097821593284607
12,111600,10,0,0,13950,13950,0.11195801943540573
12,111600,10,1,13950,27900,13950,0.11413713544607162
12,111600,10,2,27900,41850,13950,0.11810377985239029
12,111600,10,3,41850,55800,13950,0.11391262710094452
12,111600,10,4,55800,69750,13950,0.11410888284444809
12,111600,10,5,69750,83700,13950,0.11340362578630447
12,111600,10,6,83700,97650,13950,0.11315485090017319
12,111600,10,7,97650,111600,13950,0.11339892446994781
12,111600,11,0,0,13950,13950,0.12851037085056305
12,111600,11,1,13950,27900,13950,0.14479301869869232
12,111600,11,2,27900,41850,13950,0.14818336069583893
12,111600,11,3,41850,55800,13950,0.14855539798736572
12,111600,11,4,55800,69750,13950,0.14965765178203583
12,111600,11,5,69750,83700,13950,0.14917157590389252
12,111600,11,6,83700,97650,13950,0.14865846931934357
12,111600,11,7,97650,111600,13950,0.14469872415065765
