heads,seq_len,density_mean,mask_mean_ms,mask_raw_mean_ms,mask_median_ms,mask_p90_ms,mask_stdev_ms,attention_mean_ms,attention_raw_mean_ms,attention_median_ms,attention_p90_ms,attention_stdev_ms,mask_feature_head_tokens,attention_feature_head_density_seq2,iters,trim_pct
1,1024,1.0,2.245120048522949,2.3128576278686523,2.2435840368270874,2.2865920066833496,0.29059656034495157,1.0938026507695515,1.095526397228241,1.097216010093689,1.1182080507278442,0.020793191747840518,1024,1048576.0,20,0.2
1,2048,1.0,2.254848003387451,2.295449602603912,2.2594560384750366,2.2855679988861084,0.22762702016639313,1.0870613257090251,1.0882559955120086,1.0839040279388428,1.112064003944397,0.016399593613748133,2048,4194304.0,20,0.2
1,4096,1.0,2.2458906769752502,2.344551992416382,2.245136022567749,2.3490560054779053,0.33913780738880317,1.2543146709601085,1.2559311985969543,1.25491201877594,1.2769279479980469,0.018070541755868523,4096,16777216.0,20,0.2
1,6144,1.0,2.519808014233907,2.5977344036102297,2.51852810382843,2.5958399772644043,0.2745332820401026,1.3009866774082184,1.3040096163749695,1.3004800081253052,1.3271039724349976,0.022559200275912867,6144,37748736.0,20,0.2
1,8192,1.0,2.570581336816152,2.569062387943268,2.5712640285491943,2.588671922683716,0.017065121602924078,1.4109866619110107,1.4126592040061952,1.4090240001678467,1.4305280447006226,0.01994945550852903,8192,67108864.0,20,0.2
1,12288,0.7914032340049744,2.607701361179352,2.606387221813202,2.6096640825271606,2.6470398902893066,0.0309835294453251,1.6712533434232075,1.6735232055187226,1.6691200137138367,1.6998399496078491,0.027268204550876307,12288,119497887.0,20,0.2
1,16384,0.6146007776260376,2.500437299410502,2.4987647891044618,2.502143979072571,2.5118720531463623,0.018086283692409017,1.7562453250090282,1.7566719889640807,1.7525759935379028,1.785856008529663,0.02325292143850636,16384,164980640.0,20,0.2
1,24576,0.43193385004997253,2.4988159934679666,2.5598463892936705,2.502143979072571,2.530303955078125,0.25520420136739574,2.296234667301178,2.294275224208832,2.288640022277832,2.352128028869629,0.04781382221424682,24576,260879310.0,20,0.2
1,32768,0.34331202507019043,2.4968532721201577,2.545969557762146,2.495487928390503,2.5139200687408447,0.21725071169440666,2.534055987993876,2.5373679995536804,2.523647904396057,2.608128070831299,0.05317170345971294,32768,368628480.0,20,0.2
1,111600,0.20969752967357635,2.772565325101217,2.790143978595734,2.7740159034729004,2.8078079223632812,0.08891057571604795,8.923471927642822,8.965476799011231,8.903167724609375,9.315327644348145,0.23607357209260532,111600,2611690465.171337,20,0.2
2,1024,0.8643636703491211,2.4418986638387046,2.553856003284454,2.4432640075683594,2.8190720081329346,0.2911167332463244,1.2163413266340892,1.2180495977401733,1.2149759531021118,1.24617600440979,0.03336248124838031,2048,1812702.0,20,0.2
2,2048,0.696581244468689,2.3799466689427695,2.4632336020469667,2.3813120126724243,2.4647679328918457,0.34586472282740127,1.1880106528600056,1.1905023872852325,1.186303973197937,1.223680019378662,0.023094334209912495,4096,5843347.0,20,0.2
2,4096,0.6266845464706421,2.3104000290234885,2.368819200992584,2.312191963195801,2.3367679119110107,0.226777979230382,1.3712213138739269,1.3752319931983947,1.3731839656829834,1.4018559455871582,0.020769787748384217,8192,21028044.0,20,0.2
2,6144,0.6096966862678528,2.826922674973806,2.9131792068481444,2.8267520666122437,2.8979198932647705,0.2813452907895857,1.431719998518626,1.4312431991100312,1.4305280447006226,1.4510079622268677,0.018537637313232578,12288,46030558.5,20,0.2
2,8192,0.5927008390426636,2.658730665842692,2.7216384172439576,2.656767964363098,2.7207679748535156,0.2622894234088809,1.5893333355585735,1.5889408051967622,1.5877119898796082,1.619968056678772,0.02344959982100423,16384,79550960.0,20,0.2
2,12288,0.47627443075180054,2.6513920029004416,2.700441610813141,2.6501119136810303,2.7002880573272705,0.24067297545562075,1.8822799821694691,1.8852335870265962,1.8775039911270142,1.9199999570846558,0.02449896053899046,24576,143830062.0,20,0.2
2,16384,0.3809830844402313,2.678613305091858,2.800996780395508,2.678783893585205,2.7494399547576904,0.45238767012892267,2.084778666496277,2.0843519806861877,2.0838398933410645,2.1329920291900635,0.033625007193842586,32768,204538736.0,20,0.2
2,24576,0.2836032211780548,2.672984004020691,2.71774879693985,2.6680320501327515,2.722815990447998,0.22691233767792834,2.9047492941220603,2.9137935996055604,2.9071359634399414,2.958336114883423,0.05560390626339875,49152,342581220.0,20,0.2
2,32768,0.23655247688293457,2.6930346886316934,2.781644809246063,2.69158399105072,2.751487970352173,0.2877422344169592,3.5906560023625693,3.5875327944755555,3.602944016456604,3.649535894393921,0.06632681491718116,65536,507992576.0,20,0.2
2,111600,0.16700635850429535,3.9233760237693787,3.9482896089553834,3.922432065010071,3.9372799396514893,0.11295344856512701,13.250218788782755,13.264588785171508,13.239296436309814,13.67961597442627,0.28074023133142634,223200,4159981424.7465134,20,0.2
4,1024,0.7294471263885498,2.434389352798462,2.4573952198028564,2.4376319646835327,2.4729599952697754,0.1099885524805362,1.2822239995002747,1.2865568041801452,1.2835839986801147,1.3281279802322388,0.023929643753539273,4096,3059523.0,20,0.2
4,2048,0.49013781547546387,2.372608006000519,2.406656014919281,2.368511915206909,2.4145920276641846,0.13389711014044822,1.3565413455168407,1.3582336008548737,1.3547519445419312,1.3783040046691895,0.013560128196007687,8192,8223148.0,20,0.2
4,4096,0.39699283242225647,2.3774719635645547,2.4432127594947817,2.375167965888977,2.4186880588531494,0.2978084618764908,1.5884826680024464,1.5867407977581025,1.587712049484253,1.610751986503601,0.01881857855340283,16384,26641738.0,20,0.2
4,6144,0.3784831762313843,2.66103466351827,2.7017727851867677,2.661888003349304,2.68287992477417,0.2088253419523688,1.7279120087623596,1.7264128088951112,1.7280000448226929,1.7530879974365234,0.020658753057814533,24576,57149046.0,20,0.2
4,8192,0.36993056535720825,2.6889386574427285,2.7000831961631775,2.689023971557617,2.717695951461792,0.048854117180815435,1.932370662689209,1.9351535975933074,1.9338240027427673,1.9548159837722778,0.02425889286646418,32768,99302480.0,20,0.2
4,12288,0.3077370822429657,2.644223988056183,2.693068790435791,2.6439679861068726,2.68287992477417,0.23197736279493564,2.280362625916799,2.2819311738014223,2.2778879404067993,2.338815927505493,0.049438911570062756,49152,185866974.0,20,0.2
4,16384,0.2573091685771942,2.7038720647493997,2.7018752336502074,2.7043840885162354,2.717695951461792,0.014844376221856657,2.654378672440847,2.6619903802871705,2.643455982208252,2.7310080528259277,0.04626441993515433,65536,276283616.0,20,0.2
4,24576,0.2083004117012024,2.909440020720164,3.0040064096450805,2.910207986831665,2.944000005722046,0.32279955937287613,3.9928293029467263,3.9718383669853212,4.014079809188843,4.122623920440674,0.12928362626469067,98304,503236944.0,20,0.2
4,32768,0.18275637924671173,3.162791987260183,3.2111072063446047,3.1615999937057495,3.264512062072754,0.16921817389411134,4.9635839859644575,4.994867181777954,4.940799951553345,5.246975898742676,0.15435913323993036,131072,784932672.0,20,0.2
4,111600,0.14704766869544983,7.249917268753052,7.2646639585495,7.24836802482605,7.2867841720581055,0.061624653698199854,22.43771441777547,22.42892942428589,22.445055961608887,23.179264068603516,0.5393532682158825,446400,7325656050.5104065,20,0.2
8,1024,0.8237030506134033,2.4657946825027466,2.4638991951942444,2.466815948486328,2.4934399127960205,0.02887760117100772,1.5461546579996746,1.544702398777008,1.5421439409255981,1.5677440166473389,0.020492675933550992,8192,6909722.0,20,0.2
8,2048,0.5854917764663696,2.447274665037791,2.4383504033088683,2.454016089439392,2.470911979675293,0.03815604352990483,1.782698671023051,1.8305536091327668,1.756160020828247,2.0643839836120605,0.13696254141780573,16384,19645844.0,20,0.2
8,4096,0.46710526943206787,2.5642666618029275,2.6094608068466187,2.575360059738159,2.6101760864257812,0.23931110547178433,2.194010635217031,2.1947935938835146,2.1923840045928955,2.2353920936584473,0.03114756880467817,32768,62693808.0,20,0.2
8,6144,0.4180836081504822,2.963541328907013,2.9816319942474365,2.9639679193496704,2.9911038875579834,0.107256767075499,2.456490675608317,2.4532960057258606,2.4524800777435303,2.4985599517822266,0.03294238105540964,49152,126257022.0,20,0.2
8,8192,0.38679808378219604,3.042133351167043,3.127552020549774,3.043328046798706,3.0842878818511963,0.3254569623317293,2.8568773667017617,2.8566064119338987,2.8595200777053833,2.900991916656494,0.036711856447096514,65536,207660640.0,20,0.2
8,12288,0.3367682695388794,3.019007980823517,3.143731164932251,3.0202879905700684,3.0607359409332275,0.3854675366341912,4.020813385645549,4.115451240539551,4.005887985229492,4.316160202026367,0.5871987718676435,98304,406802448.0,20,0.2
8,16384,0.30239802598953247,3.216042637825012,3.330355179309845,3.224063992500305,3.3372159004211426,0.4357885542675488,4.539474646250407,4.539587187767029,4.54041600227356,4.582367897033691,0.03178454593381532,131072,649394816.0,20,0.2
8,24576,0.2663547098636627,3.7809493144353232,3.861351990699768,3.7795839309692383,3.892224073410034,0.24056449544617617,7.156735976537068,7.161905550956726,7.161855936050415,7.306240081787109,0.14520248050235787,196608,1286982864.0,20,0.2
8,32768,0.2479814887046814,4.5119093259175616,4.534729599952698,4.513279914855957,4.524032115936279,0.11450621120830799,9.641130685806274,9.645313596725464,9.648639678955078,9.827327728271484,0.1581516047070112,262144,2130144768.0,20,0.2
8,111600,0.2190942019224167,13.453568061192831,13.472000074386596,13.452799797058105,13.512703895568848,0.0761534073178325,61.78133328755697,62.25377292633057,61.639678955078125,65.40694427490234,1.818105452389465,892800,21829775067.95883,20,0.2
12,1024,0.8824687004089355,2.4850773215293884,2.482790398597717,2.491391897201538,2.530303955078125,0.04058373333616489,2.0474026799201965,2.003609615564346,2.067456007003784,2.071552038192749,0.11440650902284646,12288,11104026.0,20,0.2
12,2048,0.7198877334594727,2.5742479960123696,2.569777584075928,2.5789440870285034,2.5866239070892334,0.019445448674374602,2.1499733527501426,2.187875199317932,2.147839903831482,2.1862399578094482,0.16763264510430806,24576,36233136.0,20,0.2
12,4096,0.5864103436470032,2.7727360328038535,2.805606424808502,2.7699201107025146,2.7985920906066895,0.15405712781345915,2.9820586442947388,2.9798431754112245,2.982912063598633,3.008512020111084,0.024889601113425395,49152,118059996.0,20,0.2
12,6144,0.5251312851905823,3.177728017171224,3.2162320137023928,3.1749120950698853,3.2071681022644043,0.16145776267183679,3.3873040080070496,3.3886192202568055,3.406335949897766,3.4549760818481445,0.04997102826915199,73728,237876507.0,20,0.2
12,8192,0.47629016637802124,3.374762713909149,3.5415040135383604,3.36844801902771,3.4734079837799072,0.577732878042083,3.9600640535354614,3.955404818058014,3.958272099494934,4.017151832580566,0.065826644347454,98304,383559504.0,20,0.2
12,12288,0.40569624304771423,3.421615997950236,3.4655263900756834,3.424768090248108,3.5686399936676025,0.1664467480184314,5.20687206586202,5.175963234901428,5.219328165054321,5.243904113769531,0.09119790692103343,147456,735096978.0,20,0.2
12,16384,0.3452371060848236,3.845296045144399,3.8916640281677246,3.846176028251648,3.8850560188293457,0.15321132755965294,6.5049599806467695,6.470860815048217,6.5034239292144775,6.559743881225586,0.13028788799233623,196608,1112086560.0,20,0.2
12,24576,0.2825345993041992,5.0082106590271,5.032599997520447,5.011455774307251,5.055488109588623,0.088977714601928,9.755223910013834,9.699124765396117,9.789455890655518,9.868288040161133,0.1977885105532829,294912,2047742208.0,20,0.2
12,32768,0.2489222288131714,6.580565373102824,6.605516839027405,6.580223798751831,6.6017279624938965,0.11314303273774266,13.04584264755249,13.060504055023193,13.04422378540039,13.216768264770508,0.11555372659177665,393216,3207338496.0,20,0.2
12,111600,0.1854609251022339,19.41862408320109,19.422156810760498,19.420671463012695,19.454975128173828,0.06449524953631451,79.66788164774577,79.60299453735351,79.69894409179688,80.09318542480469,0.5131325622080095,1339200,27718010632.095337,20,0.2
